step,train_loss,train_accuracy,valid_loss,valid_mean_token_accuracy,train_mean_reward,full_validation_mean_reward
1,1.80298,0.6,,,,
2,0.73151,0.81818,,,,
3,3.8883,0.46154,,,,
4,2.31738,0.53704,,,,
5,1.61515,0.73684,,,,
6,4.4248,0.5625,,,,
7,3.96895,0.57895,,,,
8,2.39064,0.77273,,,,
9,5.81625,0.42857,,,,
10,5.17934,0.53846,,,,
11,0.30835,0.90476,,,,
12,0.75334,0.86667,,,,
13,2.90254,0.6,,,,
14,3.08583,0.47059,,,,
15,2.65549,0.64286,,,,
16,2.36127,0.71429,,,,
17,0.97334,0.8,,,,
18,1.64171,0.78947,,,,
19,2.35239,0.61111,,,,
20,2.08657,0.64,,,,
21,2.01711,0.58537,,,,
22,1.8152,0.6129,,,,
23,1.89707,0.64865,,,,
24,1.81673,0.58824,,,,
25,1.59391,0.9,,,,
26,2.55929,0.46667,,,,
27,1.75876,0.69643,,,,
28,0.57063,0.77778,,,,
29,3.53391,0.5625,,,,
30,1.29397,0.76923,,,,
31,0.65688,0.9,,,,
32,1.05624,0.8,,,,
33,2.38154,0.53125,,,,
34,1.70134,0.66667,,,,
35,2.28722,0.5,,,,
36,1.61663,0.65385,,,,
37,1.60887,0.67647,,,,
38,3.65439,0.46667,,,,
39,0.6564,0.83333,,,,
40,4.75641,0.28571,,,,
41,1.35298,0.68293,,,,
42,1.55086,0.66667,,,,
43,1.84468,0.6,,,,
44,1.54453,0.6087,,,,
45,3.84035,0.42857,,,,
46,3.33032,0.23077,,,,
47,1.65199,0.63158,,,,
48,2.90025,0.5625,,,,
49,1.5984,0.66667,,,,
50,0.87255,0.78571,,,,
51,1.73739,0.66667,,,,
52,0.75229,0.83333,,,,
53,1.6918,0.6,,,,
54,0.76671,0.66667,,,,
55,1.42953,0.77778,,,,
56,0.32267,0.92857,,,,
57,2.59056,0.46154,,,,
58,1.48823,0.64286,,,,
59,1.55577,0.63415,,,,
60,1.23609,0.6875,,,,
61,1.24648,0.71429,,,,
62,1.89408,0.47619,,,,
63,0.07344,1,,,,
64,0.99967,0.78571,,,,
65,1.4695,0.57143,,,,
66,1.1817,0.76923,,,,
67,0.92067,0.78788,,,,
68,0.98987,0.8,,,,
69,0.53884,0.89474,,,,
70,0.35887,0.9,,,,
71,1.22029,0.68966,,,,
72,0.85635,0.84444,,,,
73,1.2219,0.76471,,,,
74,0.65413,0.85714,,,,
75,0.55941,0.86667,,,,
76,1.60916,0.64706,,,,
77,0.87001,0.84444,,,,
78,1.6906,0.57895,,,,
79,1.16606,0.64286,,,,
80,0.45228,0.8125,,,,
81,1.03161,0.74074,,,,
82,1.04301,0.78571,,,,
83,1.08629,0.65217,,,,
84,0.9488,0.78788,,,,
85,1.56147,0.61111,,,,
86,1.00157,0.775,,,,
87,0.92691,0.8,,,,
88,1.73091,0.59701,,,,
89,1.35197,0.53333,,,,
90,1.81868,0.47368,,,,
91,1.11073,0.77193,,,,
92,0.81026,0.86667,,,,
93,2.06335,0.52459,,,,
94,1.7292,0.57143,,,,
95,0.3726,0.88889,,,,
96,0.84265,0.73333,,,,
97,1.79646,0.61111,,,,
98,0.57433,0.81818,,,,
99,1.13019,0.81818,,,,
100,0.69554,0.88571,,,,
101,0.29471,0.90476,,,,
102,1.13806,0.80645,,,,
103,1.01467,0.71429,,,,
104,0.42979,0.92857,,,,
105,0.32143,0.83333,,,,
106,0.69751,0.83333,,,,
107,1.08348,0.77273,,,,
108,1.44487,0.65625,,,,
109,0.79695,0.66667,,,,
110,2.08609,0.46667,,,,
111,0.18781,1,,,,
112,0.98093,0.78571,,,,
113,0.28828,0.95238,,,,
114,1.72771,0.58929,,,,
115,1.21742,0.66667,,,,
116,0.87377,0.66667,,,,
117,1.1604,0.75,,,,
118,1.25636,0.76316,,,,
119,0.26971,0.91667,,,,
120,1.4852,0.64615,,,,
121,1.4296,0.64286,,,,
122,1.74788,0.67742,,,,
123,0.74791,0.82143,,,,
124,1.2913,0.66667,,,,
125,0.97869,0.82,,,,
126,1.54369,0.67568,,,,
127,1.18108,0.65,,,,
128,0.85456,0.73333,,,,
129,0.62965,0.875,,,,
130,0.56844,0.85714,,,,
131,0.63378,0.83333,,,,
132,0.90852,0.77778,,,,
133,0.93213,0.80645,,,,
134,0.70909,0.82051,,,,
135,1.75869,0.52941,,,,
136,1.34669,0.63492,,,,
137,0.68004,0.875,,,,
138,1.09023,0.63158,,,,
139,1.6863,0.6,,,,
140,0.44565,0.90909,,,,
141,1.35714,0.59016,,,,
142,1.10637,0.65574,,,,
143,0.53074,0.76923,,,,
144,1.8815,0.52941,,,,
145,0.59844,0.84211,,,,
146,1.66875,0.56,,,,
147,0.84535,0.84848,,,,
148,1.30608,0.67857,,,,
149,1.11933,0.72414,,,,
150,0.93318,0.8,,,,
151,1.80371,0.46667,,,,
152,0.65711,0.82353,,,,
153,0.98404,0.8,,,,
154,0.9109,0.8125,,,,
155,1.31572,0.72414,,,,
156,0.469,0.86486,,,,
157,0.95545,0.76923,,,,
158,0.89357,0.6,,,,
159,1.3272,0.58824,,,,
160,0.63767,0.8,,,,
161,0.89645,0.83871,,,,
162,0.81284,0.86667,,,,
163,1.1329,0.66667,,,,
164,1.1549,0.66667,,,,
165,0.59804,0.85714,,,,
166,1.14913,0.72,,,,
167,0.4163,0.90625,,,,
168,0.16946,0.94118,,,,
169,0.50384,0.94118,,,,
170,1.18681,0.73913,,,,
171,0.55906,0.875,,,,
172,1.19368,0.57143,,,,
173,1.46703,0.65,,,,
174,0.7241,0.86667,,,,
175,0.15819,0.93333,,,,
176,0.73004,0.85,,,,
177,0.48216,0.85,,,,
178,0.62391,0.84211,,,,
179,0.43778,0.86667,,,,
180,0.8339,0.73333,,,,
181,0.52621,0.89474,,,,
182,1.05273,0.61538,,,,
183,1.11066,0.65517,,,,
184,1.62065,0.54167,,,,
185,0.4549,0.83333,,,,
186,1.29105,0.69767,,,,
187,0.38362,0.84211,,,,
188,0.42456,0.94118,,,,
189,0.41991,0.91429,,,,
190,0.4442,0.89189,,,,
191,0.55546,0.85714,,,,
192,1.2778,0.64286,,,,
193,1.12479,0.69231,,,,
194,0.40223,0.87179,,,,
195,0.66686,0.8125,,,,
196,0.77986,0.73333,,,,
197,0.20749,0.91667,,,,
198,0.40657,0.875,,,,
199,0.38147,0.86486,,,,
200,0.68782,0.86667,,,,
201,1.31296,0.83333,,,,
202,1.65936,0.67647,,,,
203,0.62514,0.84615,,,,
204,0.4336,0.83333,,,,
205,0.27385,0.94444,,,,
206,0.3043,0.94118,,,,
207,0.44451,0.76923,,,,
208,0.80395,0.82143,,,,
209,0.33103,0.93333,,,,
210,0.61439,0.86667,,,,
211,0.51386,0.875,,,,
212,1.20841,0.73684,,,,
213,0.54001,0.85714,,,,
214,0.37794,0.86667,,,,
215,0.57897,0.90909,,,,
216,1.20946,0.675,,,,
217,0.51959,0.93333,,,,
218,0.93369,0.67213,,,,
219,1.29038,0.68627,,,,
220,0.46736,0.93333,,,,
221,1.07407,0.76744,,,,
222,0.60397,0.86842,,,,
223,0.8545,0.75,,,,
224,1.30849,0.64706,,,,
225,1.04871,0.71795,,,,
226,0.82172,0.78571,,,,
227,0.46064,0.875,,,,
228,0.85404,0.61905,,,,
229,0.50323,0.8125,,,,
230,0.35575,0.91429,,,,
231,0.43151,0.89744,,,,
232,1.53521,0.64179,,,,
233,1.39598,0.60714,,,,
234,0.8692,0.64286,,,,
235,0.41548,0.88889,,,,
236,0.16521,0.95,,,,
237,0.39461,0.87879,,,,
238,0.71895,0.77778,,,,
239,0.40526,0.86667,,,,
240,1.05032,0.75862,,,,
241,1.22236,0.65625,,,,
242,0.32641,0.91176,,,,
243,0.51518,0.73333,,,,
244,0.29868,0.88235,,,,
245,0.97945,0.8,,,,
246,0.38294,0.81818,,,,
247,0.6591,0.8,,,,
248,0.30009,0.86667,,,,
249,1.22248,0.53846,,,,
250,1.03601,0.78261,,,,
251,1.52169,0.5,,,,
252,1.34876,0.625,,,,
253,0.90207,0.73684,,,,
254,0.17273,0.92857,,,,
255,1.00075,0.46667,,,,
256,0.3329,0.8125,,,,
257,0.36874,0.94118,,,,
258,0.69197,0.81481,,,,
259,0.97824,0.78571,,,,
260,0.14428,0.91667,,,,
261,0.26479,0.9,,,,
262,0.88121,0.78182,,,,
263,1.49472,0.62963,,,,
264,0.50412,0.86364,,,,
265,0.37748,0.92308,,,,
266,0.36924,0.91667,,,,
267,0.26114,0.88889,,,,
268,0.70186,0.86667,,,,
269,1.05995,0.64286,,,,
270,0.41824,0.86667,,,,
271,0.87281,0.71429,,,,
272,0.57462,0.83333,,,,
273,0.86823,0.75556,,,,
274,0.29656,0.93939,,,,
275,0.9461,0.78947,,,,
276,0.87727,0.80952,,,,
277,0.74949,0.84615,,,,
278,0.31535,0.89474,,,,
279,0.6127,0.80645,,,,
280,0.30073,0.8,,,,
281,1.22212,0.70492,,,,
282,0.95075,0.76786,,,,
283,1.37286,0.53333,,,,
284,1.18495,0.71429,,,,
285,1.07835,0.71429,,,,
286,0.9964,0.72222,,,,
287,0.36238,0.84,,,,
288,0.31838,0.91429,,,,
289,0.58817,0.8,,,,
290,0.64949,0.86207,,,,
291,0.45416,0.88571,,,,
292,0.88416,0.63158,,,,
293,1.68193,0.59524,,,,
294,0.74081,0.75,,,,
295,0.37963,0.87097,,,,
296,0.31286,0.92857,,,,
297,0.42857,0.89189,,,,
298,0.27305,0.9375,,,,
299,0.93496,0.73913,,,,
300,0.45456,0.875,,,,
301,1.02505,0.71429,,,,
302,0.14461,0.95238,,,,
303,0.57609,0.85185,,,,
304,0.52941,0.78571,,,,
305,0.95182,0.64286,,,,
306,0.69138,0.85,,,,
307,0.92625,0.86486,,,,
308,0.63448,0.73077,,,,
309,0.41985,0.84615,,,,
310,0.03315,1,,,,
311,0.42218,0.8,,,,
312,0.7367,0.8125,,,,
313,0.33639,0.90244,,,,
314,0.11289,1,,,,
315,1.46045,0.6,,,,
316,0.52452,0.78571,,,,
317,0.36776,0.86667,,,,
318,0.88798,0.76,,,,
319,1.2196,0.57895,,,,
320,1.35136,0.66667,,,,
321,1.48026,0.66667,,,,
322,0.38096,0.875,,,,
323,0.54613,0.8125,,,,
324,0.34936,0.91176,,,,
325,1.12633,0.72308,,,,
326,0.372,0.92105,,,,
327,0.34994,0.92857,,,,
328,0.24537,0.86667,,,,
329,0.58604,0.83333,,,,
330,0.29458,0.86667,,,,
331,0.06429,0.94118,,,,
332,0.80851,0.69231,,,,
333,0.4133,0.86486,,,,
334,1.2713,0.64286,,,,
335,0.8327,0.73333,,,,
336,0.57262,0.86667,,,,
337,0.45525,0.87097,,,,
338,0.76035,0.7931,,,,
339,0.86321,0.75,,,,
340,1.18059,0.64706,,,,
341,0.72129,0.8,,,,
342,0.25467,0.92857,,,,
343,0.63638,0.80702,,,,
344,0.34062,0.90323,,,,
345,1.68766,0.55738,,,,
346,1.49389,0.66667,,,,
347,0.31958,0.90909,,,,
348,1.51743,0.73333,,,,
349,0.55246,0.875,,,,
350,0.58933,0.86364,,,,
351,0.878,0.8125,,,,
352,0.95939,0.65714,,,,
353,0.52671,0.85,,,,
354,0.29428,0.89474,,,,
355,0.98696,0.73333,,,,
356,0.43704,0.9,,,,
357,0.34201,0.94737,,,,
358,0.83366,0.82,,,,
359,0.66487,0.76923,,,,
360,1.4006,0.64516,,,,
361,0.31341,0.85714,,,,
362,0.97337,0.72414,,,,
363,1.56158,0.53846,,,,
364,0.20685,0.95238,,,,
365,0.90228,0.72222,,,,
366,0.61154,0.85366,,,,
367,0.24465,0.93333,,,,
368,0.39157,0.89286,,,,
369,0.57081,0.85714,,,,
370,1.16496,0.68571,,,,
371,0.10282,1,,,,
372,0.11406,0.95238,,,,
373,0.28722,0.875,,,,
374,0.81209,0.68421,,,,
375,0.43788,0.86667,,,,
376,0.29059,0.87179,,,,
377,0.88883,0.82143,,,,
378,0.40054,0.84615,,,,
379,1.3045,0.63415,,,,
380,0.2455,0.94737,,,,
381,1.39761,0.61111,,,,
382,0.15312,0.91667,,,,
383,1.18601,0.65217,,,,
384,0.62441,0.8125,,,,
385,0.74675,0.78571,,,,
386,0.463,0.85714,,,,
387,0.23852,0.86667,,,,
388,0.98688,0.78947,,,,
389,0.37679,0.94118,,,,
390,0.32352,0.90909,,,,
391,0.24189,0.9,,,,
392,0.93607,0.81395,,,,
393,0.03144,1,,,,
394,0.55638,0.85714,,,,
395,1.06616,0.71429,,,,
396,0.34266,0.875,,,,
397,0.19072,0.9697,,,,
398,1.25014,0.71429,,,,
399,0.00658,1,,,,
400,1.14672,0.71429,,,,
401,0.50253,0.875,,,,
402,0.85819,0.73684,,,,
403,0.02996,1,,,,
404,0.58599,0.85714,,,,
405,0.32248,0.89189,,,,
406,0.89284,0.75641,,,,
407,0.16687,0.86667,,,,
408,0.18033,0.92308,,,,
409,0.09939,1,,,,
410,0.60198,0.78571,,,,
411,0.44998,0.85714,,,,
412,0.56808,0.8,,,,
413,1.02504,0.8125,,,,
414,0.54279,0.7619,,,,
415,0.51294,0.86207,,,,
416,0.37359,0.89474,,,,
417,0.18834,0.92308,,,,
418,0.29335,0.92857,,,,
419,0.72065,0.84,,,,
420,0.34556,0.91667,,,,
421,0.34197,0.9375,,,,
422,0.60853,0.85714,,,,
423,0.06995,1,,,,
424,0.19845,0.94118,,,,
425,0.93473,0.77143,,,,
426,0.0844,1,,,,
427,0.50053,0.76923,,,,
428,0.29363,0.88571,,,,
429,0.55395,0.875,,,,
430,0.60797,0.8,,,,
431,1.1525,0.78261,,,,
432,0.26898,0.90323,,,,
433,0.87402,0.69841,,,,
434,0.7637,0.86667,,,,
435,0.97136,0.7541,,,,
436,0.92494,0.70588,,,,
437,0.10721,1,,,,
438,0.45319,0.85714,,,,
439,0.19071,1,,,,
440,0.90057,0.7931,,,,
441,0.53862,0.88889,,,,
442,0.27749,0.88235,,,,
443,0.18341,0.94737,,,,
444,0.79234,0.78571,,,,
445,0.77184,0.73529,,,,
446,0.66576,0.78571,,,,
447,0.6653,0.66667,,,,
448,0.72352,0.83784,,,,
449,0.16065,0.92857,,,,
450,0.50512,0.8,,,,
451,0.41798,0.85,,,,
452,0.1278,0.94444,,,,
453,0.26038,0.92857,,,,
454,0.18546,0.93333,,,,
455,0.39199,0.84375,,,,
456,0.80165,0.75862,,,,
457,0.7274,0.78947,,,,
458,0.01126,1,,,,
459,0.5392,0.84211,,,,
460,0.47156,0.86667,,,,
461,0.69656,0.88,,,,
462,0.26186,0.93333,,,,
463,0.05048,1,,,,
464,0.28608,0.89286,,,,
465,0.21934,0.92857,,,,
466,0.37269,0.84615,,,,
467,0.2576,0.90323,,,,
468,0.03825,1,,,,
469,0.8671,0.8,,,,
470,1.48496,0.70149,,,,
471,0.73786,0.78689,,,,
472,0.04578,1,,,,
473,0.36773,0.88462,,,,
474,0.45909,0.90909,,,,
475,0.10805,1,,,,
476,0.2884,0.9,,,,
477,0.19553,0.93939,,,,
478,0.10177,1,,,,
479,0.39349,0.84211,,,,
480,0.15487,0.95,,,,
481,0.59756,0.91429,,,,
482,0.34779,0.875,,,,
483,0.38807,0.86667,,,,
484,1.15064,0.68116,,,,
485,0.36559,0.91176,,,,
486,0.6976,0.86667,,,,
487,0.14019,0.93333,,,,
488,0.0047,1,,,,
489,1.0813,0.73171,,,,
490,0.08706,0.92308,,,,
491,0.39233,0.90909,,,,
492,0.80649,0.68421,,,,
493,0.73532,0.84211,,,,
494,0.65574,0.92857,,,,
495,0.29781,0.92,,,,
496,0.63146,0.77778,,,,
497,1.11947,0.72549,,,,
498,1.18439,0.69444,,,,
499,0.48692,0.89189,,,,
500,0.17994,0.93333,,,,
501,0.01256,1,,,,
502,0.82035,0.73913,,,,
503,0.6151,0.73333,,,,
504,0.43839,0.85965,,,,
505,0.05711,1,,,,
506,0.4382,0.86364,,,,
507,0.08453,0.95238,,,,
508,0.36343,0.88889,,,,
509,0.43865,0.86486,,,,
510,1.27589,0.66667,,,,
511,0.03748,1,,,,
512,0.40553,0.91111,,,,
513,0.51124,0.875,,,,
514,0.92208,0.73846,,,,
515,0.23484,0.89474,,,,
516,0.17493,0.95455,,,,
517,0.30178,0.87805,,,,
518,0.31115,0.86667,,,,
519,0.61818,0.8,,,,
520,0.01579,1,,,,
521,0.15798,0.92857,,,,
522,0.20481,0.9375,,,,
523,0.24038,0.93333,,,,
524,0.36494,0.86667,,,,
525,0.54033,0.86207,,,,
526,0.15505,0.92857,,,,
527,0.23077,0.9,,,,
528,0.30987,0.93333,,,,
529,0.39139,0.84615,,,,
530,0.58447,0.86957,,,,
531,0.30007,0.93548,,,,
532,1.36466,0.61111,,,,
533,0.30924,0.875,,,,
534,0.18118,0.95,,,,
535,0.62222,0.83333,,,,
536,0.46677,0.92593,,,,
537,0.88242,0.74286,,,,
538,0.8642,0.84615,,,,
539,0.40027,0.875,,,,
540,0.28461,0.9375,,,,
541,0.41704,0.8,,,,
542,1.2125,0.79412,,,,
543,0.70294,0.9,,,,
544,0.46275,0.87805,,,,
545,0.37483,0.90323,,,,
546,0.3684,0.94118,,,,
547,0.15919,0.93333,,,,
548,0.09552,0.92857,,,,
549,0.01879,1,,,,
550,0.24854,0.92308,,,,
551,0.60761,0.81481,,,,
552,0.53083,0.94444,,,,
553,0.25678,0.86667,,,,
554,0.40698,0.875,,,,
555,1.29122,0.52941,,,,
556,0.87176,0.73214,,,,
557,0.26789,0.93333,,,,
558,0.31956,0.92857,,,,
559,0.54341,0.88889,,,,
560,0.54706,0.81818,,,,
561,0.33663,0.84615,,,,
562,1.12606,0.7,,,,
563,0.67194,0.85714,,,,
564,1.39992,0.62295,,,,
565,0.21177,0.95238,,,,
566,0.89884,0.775,,,,
567,0.23526,0.91429,,,,
568,0.02559,1,,,,
569,0.32615,0.86667,,,,
570,1.30369,0.66667,,,,
571,0.20362,0.97059,,,,
572,0.28112,0.9697,,,,
573,0.05954,1,,,,
574,0.47497,0.85714,,,,
575,0.45663,0.78571,,,,
576,0.22209,0.875,,,,
577,1.18805,0.77419,,,,
578,0.38352,0.88889,,,,
579,0.2819,0.92105,,,,
580,0.21746,0.87879,,,,
581,0.42924,0.71429,,,,
582,0.08041,1,,,,
583,1.06147,0.83333,,,,
584,0.42501,0.86667,,,,
585,0.46194,0.9,,,,
586,0.34232,0.85714,,,,
587,0.22839,0.925,,,,
588,0.3403,0.90244,,,,
589,0.41937,0.85714,,,,
590,0.18299,0.93333,,,,
591,0.38927,0.9,,,,
592,0.02335,1,,,,
593,0.92995,0.7377,,,,
594,0.64229,0.875,,,,
595,0.04326,1,,,,
596,0.65539,0.85,,,,
597,0.32158,0.91892,,,,
598,0.13772,0.9375,,,,
599,0.50785,0.84,,,,
600,0.92759,0.79167,,,,
601,0.28045,0.92857,,,,
602,0.11881,0.92857,,,,
603,0.34355,0.9,,,,
604,0.14443,1,,,,
605,0.16291,0.93333,,,,
606,0.64419,0.84314,,,,
607,0.08641,1,,,,
608,0.03185,1,,,,
609,0.04172,1,,,,
610,0.39933,0.875,,,,
611,0.05962,1,,,,
612,0.00844,1,,,,
613,0.09962,0.92308,,,,
614,0.03577,1,,,,
615,0.14391,0.92857,,,,
616,0.01399,1,,,,
617,0.54206,0.86486,,,,
618,1.27326,0.69444,,,,
619,0.28879,0.84375,,,,
620,0.17977,0.9697,,,,
621,0.34897,0.94444,,,,
622,0.18306,0.90476,,,,
623,0.17469,0.92857,,,,
624,0.04952,1,,,,
625,0.3497,0.8,,,,
626,0.17327,0.93333,,,,
627,0.10256,1,,,,
628,0.77741,0.8,,,,
629,0.44641,0.86486,,,,
630,0.24912,0.90323,,,,
631,0.20698,0.92593,,,,
632,0.02667,1,,,,
633,0.1278,0.96774,,,,
634,0.23571,0.93939,,,,
635,1.2147,0.69565,,,,
636,0.18154,0.92308,,,,
637,0.14814,1,,,,
638,0.18998,0.92857,,,,
639,0.22987,0.93939,,,,
640,0.00644,1,,,,
641,0.73165,0.77143,,,,
642,0.19189,0.92857,,,,
643,0.72189,0.76923,,,,
644,0.00715,1,,,,
645,0.72395,0.73016,,,,
646,0.07008,1,,,,
647,0.08972,0.93333,,,,
648,0.35265,0.91304,,,,
649,0.53095,0.84,,,,
650,1.0388,0.75,,,,
651,0.49473,0.86842,,,,
652,0.0029,1,,,,
653,0.96682,0.79412,,,,
654,1.12535,0.58824,,,,
655,0.03052,1,,,,
656,0.352,0.88889,,,,
657,0.10917,1,,,,
658,0.11242,0.90909,,,,
659,0.18121,0.925,,,,
660,0.33937,0.89474,,,,
661,0.22994,0.94444,,,,
662,0.10008,0.91667,,,,
663,0.32792,0.93333,,,,
664,0.5693,0.82759,,,,
665,0.43302,0.87273,,,,
666,0.30418,0.91176,,,,
667,1.1107,0.72131,,,,
668,0.84501,0.77143,,,,
669,0.35993,0.90476,,,,
670,0.31057,0.89474,,,,
671,0.0029,1,,,,
672,0.41889,0.90909,,,,
673,0.43734,0.9,,,,
674,0.05659,0.9375,,,,
675,0.06138,0.94444,,,,
676,0.01474,1,,,,
677,0.01858,1,,,,
678,0.4818,0.9,,,,
679,0.66538,0.82857,,,,
680,0.07411,1,,,,
681,0.60543,0.82353,,,,
682,0.03682,1,,,,
683,0.00556,1,,,,
684,0.1971,0.86667,,,,
685,0.00061,1,,,,
686,0.01427,1,,,,
687,1.2717,0.71642,,,,
688,0.13932,1,,,,
689,0.89959,0.88889,,,,
690,0.8525,0.84,,,,
691,0.13728,0.96,,,,
692,0.16937,0.96429,,,,
693,1.03397,0.64815,,,,
694,0.04195,1,,,,
695,1.07699,0.71429,,,,
696,0.07509,0.93333,,,,
697,0.1283,0.94737,,,,
698,0.33899,0.85714,,,,
699,0.25966,0.90625,,,,
700,0.33204,0.91892,,,,
701,0.50856,0.89474,,,,
702,0.00676,1,,,,
703,0.44985,0.94118,,,,
704,0.20275,0.875,,,,
705,0.51039,0.80328,,,,
706,0.34712,0.93333,,,,
707,0.27039,0.84615,,,,
708,0.00923,1,,,,
709,0.26052,0.91429,,,,
710,0.48847,0.86667,,,,
711,0.42844,0.92308,,,,
712,0.03453,1,,,,
713,0.18607,0.93939,,,,
714,0.68449,0.7907,,,,
715,0.62423,0.73684,,,,
716,0.18078,0.90323,,,,
717,0.70385,0.75862,,,,
718,0.28511,0.9375,,,,
719,0.34482,0.90625,,,,
720,0.20621,0.89474,,,,
721,0.01247,1,,,,
722,0.56282,0.85185,,,,
723,0.18978,0.95,,,,
724,0.12129,0.97143,,,,
725,0.48013,0.86667,,,,
726,0.33397,0.80952,,,,
727,0.13043,0.94444,,,,
728,0.08938,0.94737,,,,
729,0.65115,0.83929,,,,
730,0.28915,0.89286,,,,
731,0.82208,0.78049,,,,
732,0.5685,0.82143,,,,
733,0.00382,1,,,,
734,0.12013,0.95,,,,
735,0.12047,0.93333,,,,
736,0.71045,0.78571,,,,
737,0.00444,1,,,,
738,0.00666,1,,,,
739,0.20178,0.94737,,,,
740,1.10134,0.71429,,,,
741,0.86236,0.82609,,,,
742,0.32732,0.86667,,,,
743,0.29756,0.9375,,,,
744,0.40042,0.86207,,,,
745,0.78351,0.75641,,,,
746,0.20983,0.92308,,,,
747,0.0061,1,,,,
748,0.26656,0.92857,,,,
749,0.28604,0.9375,,,,
750,1.09337,0.65217,,,,
751,0.1666,0.88889,,,,
752,0.37005,0.91667,,,,
753,0.14486,0.94118,,,,
754,0.88511,0.83871,,,,
755,0.29835,0.88889,,,,
756,0.29783,0.90244,,,,
757,0.41599,0.90909,,,,
758,0.37233,0.87097,,,,
759,0.46727,0.85714,,,,
760,0.2439,0.875,,,,
761,0.00571,1,,,,
762,0.6727,0.875,,,,
763,0.02604,1,,,,
764,0.1981,0.93333,,,,
765,0.00155,1,,,,
766,0.39543,0.93333,,,,
767,0.47312,0.84211,,,,
768,0.52615,0.86667,,,,
769,0.2107,0.92857,,,,
770,0.63174,0.75862,,,,
771,0.19041,0.94118,,,,
772,1.0236,0.68519,,,,
773,0.01358,1,,,,
774,0.1874,0.93333,,,,
775,0.07698,1,,,,
776,0.18606,0.94118,,,,
777,0.32592,0.86667,,,,
778,0.06323,0.94737,,,,
779,0.28274,0.90909,,,,
780,0.22969,0.89744,,,,
781,0.22475,0.90625,,,,
782,0.15655,0.88235,,,,
783,0.08931,0.94444,,,,
784,0.28249,0.86667,,,,
785,0.22197,0.96154,,,,
786,0.22428,0.93333,,,,
787,0.00022,1,,,,
788,9e-05,1,,,,
789,0.06453,0.92308,,,,
790,0.02946,1,,,,
791,0.00012,1,,,,
792,0.10844,0.93939,,,,
793,0.38274,0.90909,,,,
794,0.5796,0.80645,,,,
795,0.00029,1,,,,
796,0.00037,1,,,,
797,0.86543,0.78261,,,,
798,4e-05,1,,,,
799,0.13822,0.93548,,,,
800,1e-05,1,,,,
801,1.04084,0.75362,,,,
802,0.28851,0.90625,,,,
803,1.04565,0.94444,,,,
804,0.2411,0.94286,,,,
805,0.39702,0.86667,,,,
806,0.34602,0.88889,,,,
807,0.25855,0.9375,,,,
808,0.38907,0.89286,,,,
809,0.01943,1,,,,
810,2e-05,1,,,,
811,3e-05,1,,,,
812,0.64369,0.82857,,,,
813,6e-05,1,,,,
814,0.02338,1,,,,
815,0.30524,0.93939,,,,
816,0.00979,1,,,,
817,0.32035,0.92308,,,,
818,0.16849,0.92857,,,,
819,0.00032,1,,,,
820,0.00086,1,,,,
821,0.48849,0.89655,,,,
822,0.46995,0.88,,,,
823,0.0632,0.92857,,,,
824,0.56187,0.86957,,,,
825,1e-05,1,,,,
826,0.01076,1,,,,
827,0.10631,0.94737,,,,
828,0.85764,0.77778,,,,
829,0.39776,0.89655,,,,
830,0.27008,0.91667,,,,
831,0.31422,0.86667,,,,
832,0.04086,1,,,,
833,0.11406,0.92857,,,,
834,0.0357,1,,,,
835,0.00123,1,,,,
836,0.12237,0.95556,,,,
837,0.23567,0.88235,,,,
838,0.91448,0.72131,,,,
839,0,1,,,,
840,0.00391,1,,,,
841,0.11089,0.92857,,,,
842,0,1,,,,
843,0.63247,0.8,,,,
844,0.18856,0.93939,,,,
845,0.86112,0.73529,,,,
846,0.34506,0.91892,,,,
847,0.30555,0.93333,,,,
848,0.25557,0.9375,,,,
849,0.00263,1,,,,
850,0.2503,0.91892,,,,
851,0.1118,0.93333,,,,
852,0.00016,1,,,,
853,0.73223,0.82353,,,,
854,0.0001,1,,,,
855,0.05071,1,,,,
856,1.07669,0.74627,,,,
857,0.23832,0.90625,,,,
858,0.15177,0.97143,,,,
859,9e-05,1,,,,
860,0.00054,1,,,,
861,0.17861,0.9,,,,
862,0.87067,0.7037,,,,
863,0.17691,0.94737,,,,
864,0.51614,0.90196,,,,
865,0.59833,0.95,,,,
866,0.70676,0.85714,,,,
867,0.26772,0.85714,,,,
868,0.17878,0.925,,,,
869,0.179,0.94737,,,,
870,0.05947,0.94444,,,,
871,0.43995,0.91071,,,,
872,0.33726,0.86667,,,,
873,0.22115,0.92105,,,,
874,0.14656,0.94872,,,,
875,0.00434,1,,,,
876,0.36418,0.84211,,,,
877,0.09063,0.94444,,,,
878,0.23331,0.90323,,,,
879,0.00945,1,,,,
880,0.19666,0.95238,,,,
881,0.06017,0.94737,,,,
882,0.26169,0.91892,,,,
883,0.00013,1,,,,
884,0.09661,0.92857,,,,
885,0.04463,1,,,,
886,0.24266,0.91176,,,,
887,0.2921,0.90164,,,,
888,0.00189,1,,,,
889,0.05041,0.9375,,,,
890,0.30172,0.85714,,,,
891,0.07968,0.93333,,,,
892,0.21119,0.90323,,,,
893,0.69164,0.84,,,,
894,0.39877,0.89474,,,,
895,0.57752,0.7561,,,,
896,0.47004,0.88,,,,
897,0.33367,0.91892,,,,
898,0.48955,0.88372,,,,
899,0.54436,0.92857,,,,
900,0.04097,1,,,,
901,0.09854,0.96774,,,,
902,0.16117,0.93333,,,,
903,0.07267,0.95238,,,,
904,0.2296,0.91176,,,,
905,3e-05,1,,,,
906,0,1,,,,
907,0.14955,0.93333,,,,
908,0.60161,0.9,,,,
909,0.79968,0.78571,,,,
910,0.26524,0.85714,,,,
911,0.29936,0.90625,,,,
912,1.16294,0.88889,,,,
913,0.00103,1,,,,
914,0.00126,1,,,,
915,0.0031,1,,,,
916,0.16895,0.94872,,,,
917,0.31412,0.94444,,,,
918,0.37957,0.93333,,,,
919,0.08983,0.9697,,,,
920,0.05392,1,,,,
921,0.1814,0.93333,,,,
922,0.80472,0.78689,,,,
923,0.14937,0.95,,,,
924,0.97388,0.68519,,,,
925,0.00529,1,,,,
926,0.50374,0.90909,,,,
927,0.37853,0.86957,,,,
928,0.22278,0.89655,,,,
929,0.01709,1,,,,
930,0.10076,0.93333,,,,
931,0.01297,1,,,,
932,0.0445,1,,,,
933,0.00016,1,,,,
934,0.22541,0.9375,,,,
935,0.17013,0.93939,,,,
936,0.46542,0.93333,,,,
937,1e-05,1,,,,
938,0.30067,0.94444,,,,
939,0.07965,0.95,,,,
940,0.00011,1,,,,
941,0.00508,1,,,,
942,0.25372,0.92105,,,,
943,0.96863,0.72917,,,,
944,0.00514,1,,,,
945,0.43021,0.86207,,,,
946,0.04643,1,,,,
947,0.46854,0.83929,,,,
948,0.00647,1,,,,
949,0.02042,1,,,,
950,0.04012,1,,,,
951,0.33256,0.93333,,,,
952,0.48055,0.86842,,,,
953,0.02303,1,,,,
954,0.41635,0.89286,,,,
955,0.38527,0.87805,,,,
956,0.51328,0.80952,,,,
957,0,1,,,,
958,0.86878,0.82143,,,,
959,0.60249,0.84615,,,,
960,0.5444,0.90625,,,,
961,0.35351,0.92857,,,,
962,0.0017,1,,,,
963,0.69954,0.86667,,,,
964,0.62109,0.75,,,,
965,0.25897,0.89474,,,,
966,0.23502,0.92683,,,,
967,0.00483,1,,,,
968,0.41974,0.88571,,,,
969,0.00412,1,,,,
970,0.006,1,,,,
971,0.00627,1,,,,
972,0.18363,0.97059,,,,
973,0.0022,1,,,,
974,0.00268,1,,,,
975,0.87321,0.76786,,,,
976,0.72974,0.82609,,,,
977,0.29442,0.92105,,,,
978,0.84603,0.83333,,,,
979,0.00492,1,,,,
980,0.63532,0.76471,,,,
981,0,1,,,,
982,0.39847,0.85294,,,,
983,7e-05,1,,,,
984,0.12642,0.96667,,,,
985,9e-05,1,,,,
986,0.30732,0.925,,,,
987,0,1,,,,
988,0.00034,1,,,,
989,0.40088,0.95238,,,,
990,2e-05,1,,,,
991,0.00374,1,,,,
992,0.20078,0.9697,,,,
993,0.00279,1,,,,
994,0.29508,0.92857,,,,
995,0.00621,1,,,,
996,0.00019,1,,,,
997,0.03221,1,,,,
998,0.53023,0.77778,,,,
999,0.11679,0.92857,,,,
1000,0.18328,0.94118,,,,
1001,0,1,,,,
1002,0.33787,0.87302,,,,
1003,0,1,,,,
1004,0.21392,0.93103,,,,
1005,1e-05,1,,,,
1006,0.02335,1,,,,
1007,0.00333,1,,,,
1008,0.04062,0.96429,,,,
1009,0.08581,0.9697,,,,
1010,0.02784,1,,,,
1011,0,1,,,,
1012,1e-05,1,,,,
1013,0.16414,0.90909,,,,
1014,0.16242,0.90625,,,,
1015,0.01082,1,,,,
1016,0.02497,1,,,,
1017,0.18241,0.89744,,,,
1018,0.23215,0.91176,,,,
1019,0.15227,0.96429,,,,
1020,0.88811,0.72131,,,,
1021,0.35824,0.91892,,,,
1022,0.21187,0.91667,,,,
1023,0.29299,0.87805,,,,
1024,0,1,,,,
1025,0.00028,1,,,,
1026,0.14483,0.95556,,,,
1027,0,1,,,,
1028,0.04262,1,,,,
1029,0.22195,0.93333,,,,
1030,0.00686,1,,,,
1031,0.06466,1,,,,
1032,0.25959,0.96429,,,,
1033,0.01183,1,,,,
1034,0.0083,1,,,,
1035,0.10414,0.96875,,,,
1036,0.1765,0.93333,,,,
1037,0.25625,0.90164,,,,
1038,0,1,,,,
1039,0.01271,1,,,,
1040,0.71539,0.80556,,,,
1041,0.58376,0.89286,,,,
1042,0.0112,1,,,,
1043,0.00429,1,,,,
1044,0,1,,,,
1045,0.12083,0.90625,,,,
1046,0.12645,0.97143,,,,
1047,1e-05,1,,,,
1048,0.65774,0.78261,,,,
1049,0.30399,0.91228,,,,
1050,0,1,,,,
1051,0,1,,,,
1052,0.09244,0.96774,,,,
1053,0.37712,0.88571,,,,
1054,0,1,,,,
1055,0,1,,,,
1056,4e-05,1,,,,
1057,0.06158,0.92857,,,,
1058,0.95678,0.88889,,,,
1059,0.15488,0.92857,,,,
1060,0.00836,1,,,,
1061,0,1,,,,
1062,1e-05,1,,,,
1063,0.00282,1,,,,
1064,0.38889,0.90244,,,,
1065,0.1468,0.93548,,,,
1066,0,1,,,,
1067,0.11006,0.97059,,,,
1068,0.37512,0.87179,,,,
1069,0.00077,1,,,,
1070,0.00057,1,,,,
1071,0.02004,1,,,,
1072,0.4886,0.88095,,,,
1073,0.16431,0.89474,,,,
1074,0.18355,0.96667,,,,
1075,0.30435,0.89286,,,,
1076,0.09008,0.93939,,,,
1077,0.44725,0.85714,,,,
1078,0.16542,0.94643,,,,
1079,0.14448,0.95455,,,,
1080,0.00017,1,,,,
1081,0.4082,0.90323,,,,
1082,0,1,,,,
1083,0.43147,0.86667,,,,
1084,0.24664,0.91892,,,,
1085,7e-05,1,,,,
1086,0,1,,,,
1087,0.00418,1,,,,
1088,0.19655,0.9375,,,,
1089,0.00614,1,,,,
1090,0.19782,0.92105,,,,
1091,0.26956,0.95455,,,,
1092,0.00062,1,,,,
1093,0.20289,0.9375,,,,
1094,0.0887,0.97059,,,,
1095,0.01759,1,,,,
1096,0.00163,1,,,,
1097,0.13611,0.93333,,,,
1098,0.6672,0.86667,,,,
1099,0.00029,1,,,,
1100,0.07436,0.97368,,,,
1101,0.01494,1,,,,
1102,2e-05,1,,,,
1103,1e-05,1,,,,
1104,0.26529,0.94,,,,
1105,1.00813,0.80597,,,,
1106,0.32547,0.88372,,,,
1107,0.00093,1,,,,
1108,0.00509,1,,,,
1109,0.04662,1,,,,
1110,0.10941,0.95,,,,
1111,0.11965,0.94872,,,,
1112,0.11341,0.94118,,,,
1113,0.22498,0.88889,,,,
1114,0.28665,0.93333,,,,
1115,0.16493,0.96875,,,,
1116,0.0474,0.97143,,,,
1117,0.58688,0.875,,,,
1118,0.00342,1,,,,
1119,1.19167,0.94444,,,,
1120,0.28687,0.86667,,,,
1121,0.49055,0.9375,,,,
1122,0.00019,1,,,,
1123,0.64923,0.95,,,,
1124,0.1938,0.92593,,,,
1125,0.00048,1,,,,
1126,0.13958,0.96774,,,,
1127,0.00023,1,,,,
1128,0.16881,0.94595,,,,
1129,0.3649,0.91429,,,,
1130,0.15771,0.93939,,,,
1131,0.67635,0.7963,,,,
1132,0.03228,1,,,,
1133,0.00977,1,,,,
1134,0.0104,1,,,,
1135,0.18251,0.925,,,,
1136,0.33681,0.88,,,,
1137,0.19976,0.95122,,,,
1138,0.60815,0.80328,,,,
1139,0.27276,0.95,,,,
1140,0.26696,0.94444,,,,
1141,0.09962,0.92857,,,,
1142,0.01288,1,,,,
1143,0.27819,0.86957,,,,
1144,0.14306,0.95,,,,
1145,2e-05,1,,,,
1146,0.04753,1,,,,
1147,0.46243,0.91304,,,,
1148,0.26288,0.91892,,,,
1149,0.26428,0.89286,,,,
1150,0.22287,0.92857,,,,
1151,0.14142,1,,,,
1152,0.00586,1,,,,
1153,0.22231,0.9375,,,,
1154,0.19764,0.9375,,,,
1155,0.46383,0.86154,,,,
1156,0.13695,1,,,,
1157,0.0001,1,,,,
1158,0.34491,0.89655,,,,
1159,0.00045,1,,,,
1160,0.43411,0.90196,,,,
1161,0.05458,1,,,,
1162,0.1362,0.93333,,,,
1163,0.61906,0.85714,,,,
1164,0.61841,0.89091,,,,
1165,0.03861,1,,,,
1166,0.00058,1,,,,
1167,0.18551,0.93333,,,,
1168,0,1,,,,
1169,0.14985,0.95238,,,,
1170,0.48496,0.88,,,,
1171,0.02013,1,,,,
1172,0.00892,1,,,,
1173,0,1,,,,
1174,0.83367,0.94444,,,,
1175,0.00054,1,,,,
1176,0.06994,1,,,,
1177,0.05566,1,,,,
1178,0.06149,0.96552,,,,
1179,0.11195,0.97059,,,,
1180,0.37438,0.87037,,,,
1181,8e-05,1,,,,
1182,0.0006,1,,,,
1183,0.12003,0.925,,,,
1184,0.06739,0.96774,,,,
1185,0.00447,1,,,,
1186,0.40392,0.85246,,,,
1187,0.14194,0.96078,,,,
1188,0.10951,0.93333,,,,
1189,0.18793,0.96774,,,,
1190,0.07757,0.93939,,,,
1191,0.2185,0.95385,,,,
1192,2e-05,1,,,,
1193,0.1148,0.93939,,,,
1194,0,1,,,,
1195,0.28346,0.925,,,,
1196,0,1,,,,
1197,0.05728,0.95556,,,,
1198,0.00212,1,,,,
1199,0.25624,0.91429,,,,
1200,0.04233,1,,,,
1201,0.01259,1,,,,
1202,0.06703,0.98214,,,,
1203,0.14173,0.97778,,,,
1204,0.10538,0.96875,,,,
1205,0.27123,0.92857,,,,
1206,0.01519,1,,,,
1207,0.16229,0.9375,,,,
1208,0,1,,,,
1209,0.16111,0.97059,,,,
1210,0.15726,0.94118,,,,
1211,0,1,,,,
1212,0,1,,,,
1213,0.72027,0.8209,,,,
1214,0.00016,1,,,,
1215,0.00094,1,,,,
1216,0.05728,0.97297,,,,
1217,0.03165,1,,,,
1218,0.20482,0.93333,,,,
1219,0.1362,0.91304,,,,
1220,0,1,,,,
1221,0.2271,0.95349,,,,
1222,0.00141,1,,,,
1223,4e-05,1,,,,
1224,0.56684,0.91429,,,,
1225,0.04415,1,,,,
1226,0.20456,0.92683,,,,
1227,0.00114,1,,,,
1228,0.40693,0.95238,,,,
1229,0,1,,,,
1230,0.0732,0.96296,,,,
1231,0,1,,,,
1232,0.00237,1,,,,
1233,0.20252,0.94872,,,,
1234,0.26848,0.90476,,,,
1235,0.0014,1,,,,
1236,0.19423,0.94286,,,,
1237,0.26796,0.94737,,,,
1238,0,1,,,,
1239,0.4565,0.86885,,,,
1240,0.02303,1,,,,
1241,0.0011,1,,,,
1242,0,1,,,,
1243,0,1,,,,
1244,0,1,,,,
1245,0.2414,0.92857,,,,
1246,0.00014,1,,,,
1247,0.40057,0.92857,,,,
1248,0.00861,1,,,,
1249,0.05666,1,,,,
1250,0.15942,0.9697,,,,
1251,0.06371,0.96667,,,,
1252,0.06566,1,,,,
1253,4e-05,1,,,,
1254,0.09674,0.96774,,,,
1255,0.00532,1,,,,
1256,0.32297,0.90244,,,,
1257,0.28552,0.93103,,,,
1258,0.93607,0.86667,,,,
1259,0.33157,0.89655,,,,
1260,0.6435,0.84058,,,,
1261,0.00012,1,,,,
1262,0.04161,0.96667,,,,
1263,0.11028,0.97143,,,,
1264,0.27833,0.96875,,,,
1265,0.01905,1,,,,
1266,0.03377,0.9697,,,,
1267,0.01096,1,,,,
1268,2e-05,1,,,,
1269,0.05911,1,,,,
1270,0.17193,0.92857,,,,
1271,0,1,,,,
1272,0,1,,,,
1273,0.00218,1,,,,
1274,0,1,,,,
1275,0.00054,1,,,,
1276,0.66973,0.77778,,,,
1277,0.03638,1,,,,
1278,0.25918,0.91667,,,,
1279,0.05459,0.95,,,,
1280,0.31878,0.90909,,,,
1281,0,1,,,,
1282,0.09375,0.9375,,,,
1283,0.4996,0.87037,,,,
1284,0.41017,0.92105,,,,
1285,0.35215,0.88235,,,,
1286,0.29175,0.88462,,,,
1287,0.06193,0.94444,,,,
1288,0.00108,1,,,,
1289,0.00696,1,,,,
1290,0.00052,1,,,,
1291,0.00586,1,,,,
1292,0.24051,0.93443,,,,
1293,0.00015,1,,,,
1294,0.00156,1,,,,
1295,0.00067,1,,,,
1296,0,1,,,,
1297,0.00024,1,,,,
1298,0.00998,1,,,,
1299,0,1,,,,
1300,0.00097,1,,,,
1301,0.00028,1,,,,
1302,0,1,,,,
1303,3e-05,1,,,,
1304,0.00038,1,,,,
1305,0.00023,1,,,,
1306,0,1,,,,
1307,7e-05,1,,,,
1308,0,1,,,,
1309,0.09671,0.96667,,,,
1310,0.01597,1,,,,
1311,0.36783,0.88095,,,,
1312,8e-05,1,,,,
1313,0.00504,1,,,,
1314,0.0003,1,,,,
1315,0,1,,,,
1316,0.08963,0.94595,,,,
1317,0,1,,,,
1318,0.05526,1,,,,
1319,0.14046,1,,,,
1320,1e-05,1,,,,
1321,0.01075,1,,,,
1322,0.00051,1,,,,
1323,0.4896,0.89189,,,,
1324,0.14541,0.95,,,,
1325,0.05803,0.93333,,,,
1326,0.10022,0.98214,,,,
1327,0,1,,,,
1328,0.25597,0.9375,,,,
1329,0.04019,1,,,,
1330,2e-05,1,,,,
1331,1e-05,1,,,,
1332,0.17603,0.94595,,,,
1333,0.0109,1,,,,
1334,0.00034,1,,,,
1335,0.00089,1,,,,
1336,0.7377,0.78261,,,,
1337,0.3907,0.94737,,,,
1338,0,1,,,,
1339,0,1,,,,
1340,0.36882,0.94,,,,
1341,1e-05,1,,,,
1342,0,1,,,,
1343,1.02851,0.79167,,,,
1344,0.25039,0.96429,,,,
1345,2e-05,1,,,,
1346,0.00015,1,,,,
1347,0.12643,0.93548,,,,
1348,0.00071,1,,,,
1349,0.00018,1,,,,
1350,0.24149,0.92683,,,,
1351,0,1,,,,
1352,0.21532,0.95556,,,,
1353,0.25452,0.92982,,,,
1354,1e-05,1,,,,
1355,0.00083,1,,,,
1356,0.04163,1,,,,
1357,0.13594,0.95652,,,,
1358,0.00028,1,,,,
1359,0.18943,0.92857,,,,
1360,0.21301,0.91176,,,,
1361,0.11571,0.94,,,,
1362,0.09342,0.94118,,,,
1363,0.08037,0.94737,,,,
1364,0.00333,1,,,,
1365,0.24013,0.95455,,,,
1366,0.0749,0.97297,,,,
1367,0.46645,0.89552,,,,
1368,0.09626,0.94118,,,,
1369,0.12199,1,,,,
1370,0.05698,0.96,,,,
1371,0.03442,1,,,,
1372,1e-05,1,,,,
1373,0.92827,0.94444,,,,
1374,0.09961,0.975,,,,
1375,0.14308,0.94737,,,,
1376,0.14641,0.96875,,,,
1377,0.04113,1,,,,
1378,0.1405,0.9375,,,,
1379,0.09549,0.94444,,,,
1380,0.00237,1,,,,
1381,0,1,,,,
1382,0.11925,0.97561,,,,
1383,0,1,,,,
1384,2e-05,1,,,,
1385,0,1,,,,
1386,0.0998,0.96429,,,,
1387,0.11838,0.96875,,,,
1388,0.25278,0.90476,,,,
1389,6e-05,1,,,,
1390,0.00288,1,,,,
1391,0,1,,,,
1392,0,1,,,,
1393,0,1,,,,
1394,0.20529,0.95349,,,,
1395,0.04771,0.96875,,,,
1396,0.00013,1,,,,
1397,0.45074,0.91429,,,,
1398,0.02724,0.96774,,,,
1399,0.04702,1,,,,
1400,0,1,,,,
1401,6e-05,1,,,,
1402,0.08346,0.97059,,,,
1403,2e-05,1,,,,
1404,0,1,,,,
1405,0,1,,,,
1406,0.16693,0.93443,,,,
1407,0.17307,0.93333,,,,
1408,0.45283,0.84058,,,,
1409,0.13772,0.95385,,,,
1410,0.01152,1,,,,
1411,0.22164,0.90164,,,,
1412,0,1,,,,
1413,0,1,,,,
1414,0.05629,1,,,,
1415,0.1422,0.96774,,,,
1416,7e-05,1,,,,
1417,1e-05,1,,,,
1418,0.15283,0.925,,,,
1419,0,1,,,,
1420,0.00501,1,,,,
1421,0.139,0.92857,,,,
1422,0.0284,1,,,,
1423,0.13356,0.97561,,,,
1424,2e-05,1,,,,
1425,0.00031,1,,,,
1426,0.22332,0.92857,,,,
1427,0,1,,,,
1428,0.11433,0.93333,,,,
1429,0,1,,,,
1430,0,1,,,,
1431,0.21733,0.89655,,,,
1432,0,1,,,,
1433,9e-05,1,,,,
1434,0,1,,,,
1435,0.04027,1,,,,
1436,0.11383,0.96429,,,,
1437,0.64596,0.93333,,,,
1438,0.22659,0.97059,,,,
1439,0.00169,1,,,,
1440,0.00017,1,,,,
1441,0,1,,,,
1442,0.22912,0.9359,,,,
1443,0.19748,0.97143,,,,
1444,0.26178,0.93333,,,,
1445,0.08645,0.96774,,,,
1446,0.00043,1,,,,
1447,0.0046,1,,,,
1448,0.1736,0.97059,,,,
1449,0.13322,0.9375,,,,
1450,0,1,,,,
1451,0.13509,0.94286,,,,
1452,0.00015,1,,,,
1453,0,1,,,,
1454,0.35299,0.88889,,,,
1455,0,1,,,,
1456,0.04197,0.97059,,,,
1457,0.21813,0.94444,,,,
1458,0.00047,1,,,,
1459,0.08071,0.97059,,,,
1460,0.20281,0.95082,,,,
1461,0,1,,,,
1462,0.25129,0.89286,,,,
1463,0,1,,,,
1464,0,1,,,,
1465,2e-05,1,,,,
1466,0.00016,1,,,,
1467,0.68435,0.86667,,,,
1468,0,1,,,,
1469,0,1,,,,
1470,0,1,,,,
1471,0,1,,,,
1472,0,1,,,,
1473,0,1,,,,
1474,0,1,,,,
1475,0,1,,,,
1476,0.17326,0.95238,,,,
1477,0,1,,,,
1478,0.22572,0.93939,,,,
1479,0.03331,1,,,,
1480,0.07271,0.93939,,,,
1481,0.24167,0.91429,,,,
1482,0.01752,1,,,,
1483,0.51126,0.94444,,,,
1484,0.00054,1,,,,
1485,0,1,,,,
1486,0,1,,,,
1487,0.00034,1,,,,
1488,9e-05,1,,,,
1489,0,1,,,,
1490,0.03616,0.97143,,,,
1491,0.00517,1,,,,
1492,0.03922,1,,,,
1493,0,1,,,,
1494,0.00069,1,,,,
1495,0.37102,0.87805,,,,
1496,0.08268,1,,,,
1497,0.01399,1,,,,
1498,0,1,,,,
1499,0.80823,0.94444,,,,
1500,0,1,,,,
1501,0.27579,0.93333,,,,
1502,0.06491,0.975,,,,
1503,0.11409,0.96296,,,,
1504,0.00079,1,,,,
1505,0.02561,1,,,,
1506,0,1,,,,
1507,0.02588,1,,,,
1508,0.07309,0.96667,,,,
1509,5e-05,1,,,,
1510,0.3976,0.86111,,,,
1511,0.11615,0.96429,,,,
1512,0,1,,,,
1513,0.28246,0.94737,,,,
1514,0.16921,0.97297,,,,
1515,0,1,,,,
1516,0.00153,1,,,,
1517,0.01304,1,,,,
1518,0.36685,0.89286,,,,
1519,0,1,,,,
1520,0.26089,0.93333,,,,
1521,0.02421,1,,,,
1522,0.00388,1,,,,
1523,0.0069,1,,,,
1524,0.02781,0.96667,,,,
1525,0,1,,,,
1526,0,1,,,,
1527,0.06761,0.96875,,,,
1528,0.0002,1,,,,
1529,0.05683,0.97436,,,,
1530,0.00011,1,,,,
1531,0.0088,1,,,,
1532,0.37987,0.92727,,,,
1533,0.20176,0.93103,,,,
1534,0.19192,0.95556,,,,
1535,0,1,,,,
1536,0.11724,0.94595,,,,
1537,0.00019,1,,,,
1538,9e-05,1,,,,
1539,0.17974,0.96,,,,
1540,0.58222,0.85417,,,,
1541,0,1,,,,
1542,0.00016,1,,,,
1543,0,1,,,,
1544,0.01727,1,,,,
1545,0,1,,,,
1546,0.04477,1,,,,
1547,0.02666,1,,,,
1548,0.01155,1,,,,
1549,1e-05,1,,,,
1550,0,1,,,,
1551,0.02096,1,,,,
1552,0.00477,1,,,,
1553,0.04262,0.96667,,,,
1554,0.32008,0.89286,,,,
1555,0.42862,0.86957,,,,
1556,3e-05,1,,,,
1557,0.08187,0.96429,,,,
1558,0,1,,,,
1559,1e-05,1,,,,
1560,0.03696,1,,,,
1561,0,1,,,,
1562,2e-05,1,,,,
1563,2e-05,1,,,,
1564,0.00183,1,,,,
1565,0.07484,0.97222,,,,
1566,4e-05,1,,,,
1567,0,1,,,,
1568,0,1,,,,
1569,0.00211,1,,,,
1570,3e-05,1,,,,
1571,1e-05,1,,,,
1572,3e-05,1,,,,
1573,0,1,,,,
1574,0.16294,0.94595,,,,
1575,0.00312,1,,,,
1576,0.38946,0.91045,,,,
1577,2e-05,1,,,,
1578,0,1,,,,
1579,0,1,,,,
1580,0.23885,0.95652,,,,
1581,0.26989,0.96429,,,,
1582,0.13247,0.9697,,,,
1583,0.02334,1,,,,
1584,0.33926,0.91429,,,,
1585,0.00051,1,,,,
1586,0.0444,0.96296,,,,
1587,0.12786,0.97674,,,,
1588,0.00468,1,,,,
1589,0.15523,0.92727,,,,
1590,0,1,,,,
1591,0,1,,,,
1592,0.16391,0.96875,,,,
1593,0.07387,0.97059,,,,
1594,0,1,,,,
1595,0.05732,0.98246,,,,
1596,0.01686,1,,,,
1597,0,1,,,,
1598,0,1,,,,
1599,0,1,,,,
1600,0.14468,0.96429,,,,
1601,0.18188,0.975,,,,
1602,0.00371,1,,,,
1603,0.00412,1,,,,
1604,0,1,,,,
1605,0.109,0.97778,,,,
1606,0.15158,0.93103,,,,
1607,0,1,,,,
1608,0.01782,1,,,,
1609,0,1,,,,
1610,0.0106,1,,,,
1611,0.06502,1,,,,
1612,0.00158,1,,,,
1613,0,1,,,,
1614,0,1,,,,
1615,0,1,,,,
1616,0.23806,0.93333,,,,
1617,0.00142,1,,,,
1618,5e-05,1,,,,
1619,0,1,,,,
1620,0,1,,,,
1621,0.00958,1,,,,
1622,0,1,,,,
1623,0.04141,0.97143,,,,
1624,0,1,,,,
1625,0,1,,,,
1626,5e-05,1,,,,
1627,0.34294,0.95,,,,
1628,0.03285,0.96875,,,,
1629,0.00285,1,,,,
1630,4e-05,1,,,,
1631,0.00013,1,,,,
1632,9e-05,1,,,,
1633,0.11357,0.97778,,,,
1634,0,1,,,,
1635,0,1,,,,
1636,0.05764,0.975,,,,
1637,0,1,,,,
1638,0.00029,1,,,,
1639,0,1,,,,
1640,0.09092,0.93939,,,,
1641,9e-05,1,,,,
1642,0,1,,,,
1643,0.00273,1,,,,
1644,0,1,,,,
1645,0,1,,,,
1646,0.04689,0.97143,,,,
1647,0,1,,,,
1648,0,1,,,,
1649,0.06377,0.96875,,,,
1650,0.00016,1,,,,
1651,0.04666,0.98,,,,
1652,0.42157,0.94444,,,,
1653,0.00999,1,,,,
1654,0,1,,,,
1655,0.02276,1,,,,
1656,0.00433,1,,,,
1657,0.06316,0.96774,,,,
1658,0,1,,,,
1659,0.09509,0.96721,,,,
1660,0.06222,0.975,,,,
1661,0,1,,,,
1662,0.22448,0.95082,,,,
1663,0.16191,0.95238,,,,
1664,0.1359,0.94737,,,,
1665,0,1,,,,
1666,2e-05,1,,,,
1667,0,1,,,,
1668,0,1,,,,
1669,0,1,,,,
1670,0.02349,1,,,,
1671,0.04328,1,,,,
1672,0.03082,1,,,,
1673,0,1,,,,
1674,0,1,,,,
1675,0.28079,0.96667,,,,
1676,0,1,,,,
1677,0.00012,1,,,,
1678,0.03339,1,,,,
1679,0,1,,,,
1680,0.08696,0.97368,,,,
1681,1e-05,1,,,,
1682,0.02941,1,,,,
1683,0,1,,,,
1684,1e-05,1,,,,
1685,0.01945,1,,,,
1686,0.16443,0.96078,,,,
1687,0.00065,1,,,,
1688,0.06211,0.97059,,,,
1689,0.14592,0.91176,,,,
1690,0.0054,1,,,,
1691,0.12321,0.96,,,,
1692,3e-05,1,,,,
1693,0,1,,,,
1694,0.02353,1,,,,
1695,0.01914,1,,,,
1696,0,1,,,,
1697,0.0003,1,,,,
1698,0.13598,0.95238,,,,
1699,0,1,,,,
1700,8e-05,1,,,,
1701,0.0541,0.97436,,,,
1702,0.00028,1,,,,
1703,0,1,,,,
1704,0.13273,0.95122,,,,
1705,0,1,,,,
1706,0.05676,0.96774,,,,
1707,0.00015,1,,,,
1708,0.22283,0.91304,,,,
1709,0.066,0.98148,,,,
1710,0.15514,0.94444,,,,
1711,0.15125,0.96552,,,,
1712,0.01809,1,,,,
1713,0.3526,0.96,,,,
1714,0,1,,,,
1715,0,1,,,,
1716,0.0361,0.95652,,,,
1717,0.0869,0.97222,,,,
1718,0.01614,1,,,,
1719,0,1,,,,
1720,0.27174,0.92857,,,,
1721,0,1,,,,
1722,0,1,,,,
1723,0,1,,,,
1724,0.00013,1,,,,
1725,9e-05,1,,,,
1726,0.75166,0.93333,,,,
1727,0.00025,1,,,,
1728,0.00236,1,,,,
1729,0.26166,0.86957,,,,
1730,0.00035,1,,,,
1731,0,1,,,,
1732,8e-05,1,,,,
1733,0.02897,0.97436,,,,
1734,0.06604,0.96923,,,,
1735,0.05464,0.98718,,,,
1736,0.39554,0.89583,,,,
1737,1.15452,0.86667,,,,
1738,0,1,,,,
1739,0,1,,,,
1740,0.21258,0.90244,,,,
1741,0,1,,,,
1742,0.08573,0.97059,,,,
1743,0,1,,,,
1744,0,1,,,,
1745,0,1,,,,
1746,0.01153,1,,,,
1747,0.07862,0.97143,,,,
1748,0,1,,,,
1749,0,1,,,,
1750,0,1,,,,
1751,0.04544,0.96429,,,,
1752,0.20686,0.97143,,,,
1753,2e-05,1,,,,
1754,0.02273,1,,,,
1755,0,1,,,,
1756,0,1,,,,
1757,0,1,,,,
1758,0,1,,,,
1759,0.02013,1,,,,
1760,0,1,,,,
1761,0.02428,1,,,,
1762,0.09349,0.97778,,,,
1763,0.16614,0.97143,,,,
1764,0,1,,,,
1765,0,1,,,,
1766,0,1,,,,
1767,0,1,,,,
1768,0,1,,,,
1769,0,1,,,,
1770,0.00118,1,,,,
1771,0.11351,0.94643,,,,
1772,0.06757,0.975,,,,
1773,0,1,,,,
1774,0.00744,1,,,,
1775,0.03102,1,,,,
1776,0.11198,0.97101,,,,
1777,0,1,,,,
1778,0.11214,0.98,,,,
1779,0.03553,0.98,,,,
1780,0.14128,0.9697,,,,
1781,0.00194,1,,,,
1782,0.02806,1,,,,
1783,0,1,,,,
1784,0.05966,0.97436,,,,
1785,0,1,,,,
1786,0,1,,,,
1787,0.14471,0.97015,,,,
1788,0.04771,0.975,,,,
1789,0.06,0.95652,,,,
1790,0.00604,1,,,,
1791,0.00324,1,,,,
1792,0,1,,,,
1793,0.00232,1,,,,
1794,0.00635,1,,,,
1795,0.00885,1,,,,
1796,0,1,,,,
1797,2e-05,1,,,,
1798,0,1,,,,
1799,0.10891,0.96875,,,,
1800,0.09563,0.97143,,,,
1801,0.00451,1,,,,
1802,0,1,,,,
1803,0,1,,,,
1804,0.05297,0.9697,,,,
1805,0,1,,,,
1806,0,1,,,,
1807,0,1,,,,
1808,0,1,,,,
1809,0,1,,,,
1810,9e-05,1,,,,
1811,0.00024,1,,,,
1812,0.10225,0.97368,,,,
1813,0.00718,1,,,,
1814,0.01986,0.98462,,,,
1815,0.05575,0.96552,,,,
1816,0.28903,0.9375,,,,
1817,0.02354,1,,,,
1818,0,1,,,,
1819,0.02006,1,,,,
1820,4e-05,1,,,,
1821,0,1,,,,
1822,0.00597,1,,,,
1823,0.0014,1,,,,
1824,0.12968,0.94444,,,,
1825,0,1,,,,
1826,0,1,,,,
1827,0,1,,,,
1828,0.043,0.96429,,,,
1829,0.01841,1,,,,
1830,0,1,,,,
1831,0.09333,0.97561,,,,
1832,0,1,,,,
1833,0.00493,1,,,,
1834,0,1,,,,
1835,0.29498,0.94118,,,,
1836,0,1,,,,
1837,0.00488,1,,,,
1838,5e-05,1,,,,
1839,0.00018,1,,,,
1840,0.01132,1,,,,
1841,0.00215,1,,,,
1842,0,1,,,,
1843,0.02716,1,,,,
1844,1e-05,1,,,,
1845,0.00237,1,,,,
1846,0,1,,,,
1847,2e-05,1,,,,
1848,0.15031,0.96364,,,,
1849,0.00202,1,,,,
1850,0,1,,,,
1851,0.00853,1,,,,
1852,0.05794,0.97143,,,,
1853,0,1,,,,
1854,0.00407,1,,,,
1855,0.05678,0.98361,,,,
1856,0.13414,0.97222,,,,
1857,0.00802,1,,,,
1858,0.00038,1,,,,
1859,0.01416,1,,,,
1860,0.01623,1,,,,
1861,0.11709,0.96429,,,,
1862,0,1,,,,
1863,0,1,,,,
1864,0.00014,1,,,,
1865,0,1,,,,
1866,0.00016,1,,,,
1867,0,1,,,,
1868,0,1,,,,
1869,0,1,,,,
1870,0,1,,,,
1871,0,1,,,,
1872,0,1,,,,
1873,0.29725,0.875,,,,
1874,0,1,,,,
1875,0.00013,1,,,,
1876,0,1,,,,
1877,0.05461,0.96721,,,,
1878,0.04437,1,,,,
1879,0,1,,,,
1880,0.09839,0.94737,,,,
1881,0.04592,0.98413,,,,
1882,0.00728,1,,,,
1883,0,1,,,,
1884,0,1,,,,
1885,0,1,,,,
1886,0,1,,,,
1887,0,1,,,,
1888,0,1,,,,
1889,0,1,,,,
1890,1e-05,1,,,,
1891,0,1,,,,
1892,0,1,,,,
1893,0.04191,1,,,,
1894,0,1,,,,
1895,0.09873,0.94737,,,,
1896,0,1,,,,
1897,0.07009,0.98361,,,,
1898,0,1,,,,
1899,0,1,,,,
1900,0.11595,0.92683,,,,
1901,0.00508,1,,,,
1902,0.00084,1,,,,
1903,0,1,,,,
1904,0.19402,0.94595,,,,
1905,0.06587,0.97297,,,,
1906,0.03291,1,,,,
1907,1e-05,1,,,,
1908,0.0013,1,,,,
1909,0,1,,,,
1910,6e-05,1,,,,
1911,0,1,,,,
1912,0,1,,,,
1913,0.00678,1,,,,
1914,1.2091,0.86667,,,,
1915,0.00179,1,,,,
1916,0,1,,,,
1917,0.01998,1,,,,
1918,0,1,,,,
1919,0,1,,,,
1920,0,1,,,,
1921,0,1,,,,
1922,2e-05,1,,,,
1923,0.01986,1,,,,
1924,0,1,,,,
1925,0.82498,0.93333,,,,
1926,0.00027,1,,,,
1927,0.02581,0.97059,,,,
1928,0.0223,1,,,,
1929,0.025,1,,,,
1930,0.0748,0.98148,,,,
1931,1e-05,1,,,,
1932,0.42793,0.94444,,,,
1933,0.08462,0.9375,,,,
1934,0.0839,0.96774,,,,
1935,0,1,,,,
1936,0.01213,1,,,,
1937,0.01659,1,,,,
1938,0.00758,1,,,,
1939,0.00164,1,,,,
1940,0,1,,,,
1941,0,1,,,,
1942,1e-05,1,,,,
1943,0.00113,1,,,,
1944,0,1,,,,
1945,0.00101,1,,,,
1946,0,1,,,,
1947,0.0082,1,,,,
1948,0.00037,1,,,,
1949,0,1,,,,
1950,0.05349,0.96774,,,,
1951,0,1,,,,
1952,0.00127,1,,,,
1953,0,1,,,,
1954,0.00204,1,,,,
1955,0.00022,1,,,,
1956,0,1,,,,
1957,0.00206,1,,,,
1958,0.02696,0.97143,,,,
1959,0,1,,,,
1960,2e-05,1,,,,
1961,0.01157,1,,,,
1962,0,1,,,,
1963,0,1,,,,
1964,1e-05,1,,,,
1965,0,1,,,,
1966,0.10584,0.96667,,,,
1967,1e-05,1,,,,
1968,2e-05,1,,,,
1969,0,1,,,,
1970,0.0009,1,,,,
1971,0.00413,1,,,,
1972,2e-05,1,,,,
1973,0.00882,1,,,,
1974,0.0019,1,,,,
1975,0,1,,,,
1976,0,1,,,,
1977,0,1,,,,
1978,0.01887,1,,,,
1979,0,1,,,,
1980,0.28433,0.96721,,,,
1981,0.00042,1,,,,
1982,0.00875,1,,,,
1983,0.00022,1,,,,
1984,0.00692,1,,,,
1985,0.03766,0.96875,,,,
1986,0.00858,1,,,,
1987,0,1,,,,
1988,0,1,,,,
1989,0,1,,,,
1990,1e-05,1,,,,
1991,0,1,,,,
1992,0.02363,1,,,,
1993,0.00782,1,,,,
1994,0,1,,,,
1995,0,1,,,,
1996,0.00016,1,,,,
1997,0,1,,,,
1998,0,1,,,,
1999,0.01693,1,,,,
2000,0.06211,0.96,,,,
2001,0.00027,1,,,,
2002,0,1,,,,
2003,0.0009,1,,,,
2004,0.00011,1,,,,
2005,0,1,,,,
2006,0,1,,,,
2007,1e-05,1,,,,
2008,0.00119,1,,,,
2009,0,1,,,,
2010,0,1,,,,
2011,0.08132,1,,,,
2012,0.00638,1,,,,
2013,0.00056,1,,,,
2014,0.00059,1,,,,
2015,0.00424,1,,,,
2016,0.16547,0.94737,,,,
2017,0,1,,,,
2018,0.00991,1,,,,
2019,0.00026,1,,,,
2020,0.96006,0.86667,,,,
2021,0.00633,1,,,,
2022,0,1,,,,
2023,0,1,,,,
2024,0.00385,1,,,,
2025,0,1,,,,
2026,0.00069,1,,,,
2027,0.00126,1,,,,
2028,0,1,,,,
2029,0,1,,,,
2030,0,1,,,,
2031,0,1,,,,
2032,0,1,,,,
2033,0,1,,,,
2034,0,1,,,,
2035,0.00409,1,,,,
2036,0.00292,1,,,,
2037,0,1,,,,
2038,0,1,,,,
2039,0,1,,,,
2040,0,1,,,,
2041,0.02049,1,,,,
2042,0,1,,,,
2043,0,1,,,,
2044,0,1,,,,
2045,0.03687,0.96875,,,,
2046,0.02489,0.9697,,,,
2047,0.01418,1,,,,
2048,0.00016,1,,,,
2049,0.00414,1,,,,
2050,0.00013,1,,,,
2051,0,1,,,,
2052,0,1,,,,
2053,0.00085,1,,,,
2054,0.04181,0.98413,,,,
2055,0,1,,,,
2056,0,1,,,,
2057,0.16945,0.93333,,,,
2058,0,1,,,,
2059,0,1,,,,
2060,0,1,,,,
2061,1e-05,1,,,,
2062,5e-05,1,,,,
2063,0,1,,,,
2064,0.14979,0.98182,,,,
2065,0,1,,,,
2066,0.00045,1,,,,
2067,0.09255,0.96491,,,,
2068,0,1,,,,
2069,0.15696,0.96429,,,,
2070,0,1,,,,
2071,0,1,,,,
2072,0,1,,,,
2073,0.00726,1,,,,
2074,0.00825,1,,,,
2075,0.021,0.98214,,,,
2076,0,1,,,,
2077,0.00305,1,,,,
2078,0,1,,,,
2079,0.00034,1,,,,
2080,0,1,,,,
2081,0.0002,1,,,,
2082,0,1,,,,
2083,0.00311,1,,,,
2084,0.00025,1,,,,
2085,1e-05,1,,,,
2086,0,1,,,,
2087,0,1,,,,
2088,0,1,,,,
2089,0,1,,,,
2090,0.00089,1,,,,
2091,0,1,,,,
2092,0.10214,0.97619,,,,
2093,1e-05,1,,,,
2094,0,1,,,,
2095,0.00262,1,,,,
2096,0.11363,0.97101,,,,
2097,0,1,,,,
2098,0.00267,1,,,,
2099,0.13568,0.95122,,,,
2100,0.13325,0.98507,,,,
2101,0,1,,,,
2102,0,1,,,,
2103,0.0003,1,,,,
2104,0,1,,,,
2105,0,1,,,,
2106,0.00041,1,,,,
2107,0,1,,,,
2108,0.00646,1,,,,
2109,0.03525,1,,,,
2110,0,1,,,,
2111,0,1,,,,
2112,0.32238,0.95556,,,,
2113,0.10271,0.95,,,,
2114,0.17774,0.94872,,,,
2115,0.00248,1,,,,
2116,0.20922,0.97059,,,,
2117,0.05053,0.975,,,,
2118,0.01512,1,,,,
2119,0.1613,0.94737,,,,
2120,0,1,,,,
2121,0,1,,,,
2122,0.03158,0.97297,,,,
2123,0.02227,1,,,,
2124,0,1,,,,
2125,0.01352,1,,,,
2126,0,1,,,,
2127,0,1,,,,
2128,0.02669,1,,,,
2129,0.00179,1,,,,
2130,0.00873,1,,,,
2131,4e-05,1,,,,
2132,0.00045,1,,,,
2133,0,1,,,,
2134,0.00692,1,,,,
2135,0,1,,,,
2136,0.0091,1,,,,
2137,0,1,,,,
2138,0.0429,0.98148,,,,
2139,0,1,,,,
2140,0,1,,,,
2141,0,1,,,,
2142,0,1,,,,
2143,0.22504,0.94444,,,,
2144,0,1,,,,
2145,0,1,,,,
2146,0,1,,,,
2147,0,1,,,,
2148,0,1,,,,
2149,0.0047,1,,,,
2150,0,1,,,,
2151,0,1,,,,
2152,0.00389,1,,,,
2153,0,1,,,,
2154,0,1,,,,
2155,0.00201,1,,,,
2156,0.00419,1,,,,
2157,0,1,,,,
2158,0,1,,,,
2159,0,1,,,,
2160,0.00246,1,,,,
2161,0,1,,,,
2162,0,1,,,,
2163,0.00095,1,,,,
2164,0,1,,,,
2165,0.00061,1,,,,
2166,0.00356,1,,,,
2167,1e-05,1,,,,
2168,0,1,,,,
2169,0.1314,0.9697,,,,
2170,0.04008,0.98214,,,,
2171,0.00285,1,,,,
2172,0.00217,1,,,,
2173,0.00267,1,,,,
2174,0.02385,1,,,,
2175,0,1,,,,
2176,0,1,,,,
2177,0.10151,0.98182,,,,
2178,0.00067,1,,,,
2179,0,1,,,,
2180,0,1,,,,
2181,0,1,,,,
2182,0,1,,,,
2183,0,1,,,,
2184,0,1,,,,
2185,0.00445,1,,,,
2186,0.00018,1,,,,
2187,0,1,,,,
2188,0.00221,1,,,,
2189,0,1,,,,
2190,0,1,,,,
2191,0,1,,,,
2192,0,1,,,,
2193,0,1,,,,
2194,5e-05,1,,,,
2195,0,1,,,,
2196,0.00879,1,,,,
2197,0.00645,1,,,,
2198,0,1,,,,
2199,0.00072,1,,,,
2200,0.01431,1,,,,
2201,0,1,,,,
2202,0.01292,1,,,,
2203,0.0004,1,,,,
2204,0.02594,0.96667,,,,
2205,0.21874,0.98507,,,,
2206,0,1,,,,
2207,0.27815,0.93333,,,,
2208,0,1,,,,
2209,0.08683,0.97059,,,,
2210,0,1,,,,
2211,0.00018,1,,,,
2212,0,1,,,,
2213,0.00027,1,,,,
2214,0.00064,1,,,,
2215,0,1,,,,
2216,0,1,,,,
2217,4e-05,1,,,,
2218,0.00252,1,,,,
2219,0,1,,,,
2220,0.00705,1,,,,
2221,0,1,,,,
2222,8e-05,1,,,,
2223,0,1,,,,
2224,0.02211,1,,,,
2225,7e-05,1,,,,
2226,0,1,,,,
2227,0,1,,,,
2228,0,1,,,,
2229,6e-05,1,,,,
2230,1e-05,1,,,,
2231,0,1,,,,
2232,0,1,,,,
2233,0,1,,,,
2234,0,1,,,,
2235,0.00031,1,,,,
2236,0.00015,1,,,,
2237,0,1,,,,
2238,0,1,,,,
2239,0.03334,1,,,,
2240,0,1,,,,
2241,0.07237,0.96429,,,,
2242,0,1,,,,
2243,0.0015,1,,,,
2244,0.00247,1,,,,
2245,0,1,,,,
2246,0.14515,0.97917,,,,
2247,0,1,,,,
2248,0.00641,1,,,,
2249,0.0375,1,,,,
2250,0,1,,,,
2251,0.00068,1,,,,
2252,0,1,,,,
2253,0.15324,0.97101,,,,
2254,0,1,,,,
2255,0.00098,1,,,,
2256,0,1,,,,
2257,6e-05,1,,,,
2258,0,1,,,,
2259,0.1879,0.97143,,,,
2260,0,1,,,,
2261,9e-05,1,,,,
2262,0,1,,,,
2263,0,1,,,,
2264,0,1,,,,
2265,0.00227,1,,,,
2266,0,1,,,,
2267,0,1,,,,
2268,0.00023,1,,,,
2269,0,1,,,,
2270,0,1,,,,
2271,0.00011,1,,,,
2272,0.07595,0.94595,,,,
2273,0,1,,,,
2274,0,1,,,,
2275,0.00318,1,,,,
2276,3e-05,1,,,,
2277,0,1,,,,
2278,0,1,,,,
2279,0.32187,0.97222,,,,
2280,0,1,,,,
2281,0.04763,1,,,,
2282,0.0003,1,,,,
2283,0,1,,,,
2284,2e-05,1,,,,
2285,0.18454,0.97674,,,,
2286,0,1,,,,
2287,1e-05,1,,,,
2288,0.00047,1,,,,
2289,0,1,,,,
2290,0,1,,,,
2291,0,1,,,,
2292,1e-05,1,,,,
2293,0,1,,,,
2294,0,1,,,,
2295,0,1,,,,
2296,0,1,,,,
2297,0,1,,,,
2298,0.00077,1,,,,
2299,0.00607,1,,,,
2300,0.00031,1,,,,
2301,0,1,,,,
2302,0,1,,,,
2303,0,1,,,,
2304,0,1,,,,
2305,0.00826,1,,,,
2306,0,1,,,,
2307,1.10357,0.93333,,,,
2308,0,1,,,,
2309,0,1,,,,
2310,3e-05,1,,,,
2311,0.00011,1,,,,
2312,2e-05,1,,,,
2313,0,1,,,,
2314,0,1,,,,
2315,0.00925,1,,,,
2316,0.00011,1,,,,
2317,0.05585,0.97436,,,,
2318,0.01026,1,,,,
2319,0.00581,1,,,,
2320,0,1,,,,
2321,0.00133,1,,,,
2322,0,1,,,,
2323,0,1,,,,
2324,0.03569,0.98246,,,,
2325,0,1,,,,
2326,0.14544,0.95122,,,,
2327,0,1,,,,
2328,0,1,,,,
2329,0.01109,1,,,,
2330,9e-05,1,,,,
2331,0,1,,,,
2332,3e-05,1,,,,
2333,0.14776,0.9697,,,,
2334,0.01312,1,,,,
2335,0.11464,0.98214,,,,
2336,7e-05,1,,,,
2337,0.00162,1,,,,
2338,0,1,,,,
2339,0,1,,,,
2340,0.01128,1,,,,
2341,0,1,,,,
2342,0,1,,,,
2343,0,1,,,,
2344,2e-05,1,,,,
2345,0,1,,,,
2346,0,1,,,,
2347,0.00109,1,,,,
2348,0.00095,1,,,,
2349,0.00142,1,,,,
2350,0,1,,,,
2351,0,1,,,,
2352,0.00055,1,,,,
2353,0,1,,,,
2354,0,1,,,,
2355,7e-05,1,,,,
2356,0,1,,,,
2357,0,1,,,,
2358,0.00141,1,,,,
2359,0,1,,,,
2360,0.00206,1,,,,
2361,0,1,,,,
2362,0,1,,,,
2363,0,1,,,,
2364,0.01046,1,,,,
2365,0,1,,,,
2366,1e-05,1,,,,
2367,0.07096,0.98361,,,,
2368,0,1,,,,
2369,0,1,,,,
2370,0,1,,,,
2371,0,1,,,,
2372,0,1,,,,
2373,3e-05,1,,,,
2374,1e-05,1,,,,
2375,0,1,,,,
2376,3e-05,1,,,,
2377,0.04054,0.97143,,,,
2378,0.00175,1,,,,
2379,0.00014,1,,,,
2380,0,1,,,,
2381,0,1,,,,
2382,0,1,,,,
2383,0.00069,1,,,,
2384,0.02206,0.98148,,,,
2385,0.44325,0.97222,,,,
2386,0,1,,,,
2387,0.00164,1,,,,
2388,0,1,,,,
2389,0.07662,0.95652,,,,
2390,0,1,,,,
2391,1e-05,1,,,,
2392,0,1,,,,
2393,0.00438,1,,,,
2394,0.00076,1,,,,
2395,0,1,,,,
2396,0,1,,,,
2397,6e-05,1,,,,
2398,0.12408,0.98507,,,,
2399,0.00166,1,,,,
2400,0,1,,,,
2401,0,1,,,,
2402,0,1,,,,
2403,0,1,,,,
2404,0,1,,,,
2405,0,1,,,,
2406,0,1,,,,
2407,4e-05,1,,,,
2408,1e-05,1,,,,
2409,0.08531,0.94595,,,,
2410,0,1,,,,
2411,0,1,,,,
2412,0.001,1,,,,
2413,1e-05,1,,,,
2414,0,1,,,,
2415,0,1,,,,
2416,0,1,,,,
2417,0.00032,1,,,,
2418,0,1,,,,
2419,0,1,,,,
2420,5e-05,1,,,,
2421,0,1,,,,
2422,0,1,,,,
2423,0,1,,,,
2424,0.09629,0.97101,,,,
2425,0,1,,,,
2426,0.11083,0.97561,,,,
2427,0.15997,0.975,,,,
2428,0.00035,1,,,,
2429,0,1,,,,
2430,0,1,,,,
2431,0.01938,1,,,,
2432,0.00304,1,,,,
2433,0.01688,1,,,,
2434,0,1,,,,
2435,0,1,,,,
2436,0.00769,1,,,,
2437,0,1,,,,
2438,0,1,,,,
2439,0,1,,,,
2440,0,1,,,,
2441,1e-05,1,,,,
2442,2e-05,1,,,,
2443,0,1,,,,
2444,0,1,,,,
2445,0.0013,1,,,,
2446,0.0013,1,,,,
2447,0.00903,1,,,,
2448,0,1,,,,
2449,0,1,,,,
2450,0,1,,,,
2451,1e-05,1,,,,
2452,0,1,,,,
2453,2e-05,1,,,,
2454,0.00013,1,,,,
2455,0,1,,,,
2456,0,1,,,,
2457,0,1,,,,
2458,0.04217,0.97619,,,,
2459,0.00068,1,,,,
2460,0,1,,,,
2461,5e-05,1,,,,
2462,0,1,,,,
2463,0,1,,,,
2464,4e-05,1,,,,
2465,0,1,,,,
2466,0,1,,,,
2467,0,1,,,,
2468,0,1,,,,
2469,4e-05,1,,,,
2470,0.01422,1,,,,
2471,6e-05,1,,,,
2472,0.00212,1,,,,
2473,0.0003,1,,,,
2474,0,1,,,,
2475,0.2672,0.93333,,,,
2476,0.00014,1,,,,
2477,1e-05,1,,,,
2478,0.02133,0.97297,,,,
2479,0.00255,1,,,,
2480,0,1,,,,
2481,0,1,,,,
2482,0.01723,1,,,,
2483,0,1,,,,
2484,0,1,,,,
2485,0.04643,0.97143,,,,
2486,0,1,,,,
2487,9e-05,1,,,,
2488,0,1,,,,
2489,0,1,,,,
2490,1e-05,1,,,,
2491,0,1,,,,
2492,0,1,,,,
2493,0,1,,,,
2494,0,1,,,,
2495,0.04308,0.97059,,,,
2496,0,1,,,,
2497,0,1,,,,
2498,0.00016,1,,,,
2499,0,1,,,,
2500,0.04229,0.98,,,,
2501,0.00111,1,,,,
2502,0,1,,,,
2503,0.01109,1,,,,
2504,1e-05,1,,,,
2505,0,1,,,,
2506,0,1,,,,
2507,0,1,,,,
2508,3e-05,1,,,,
2509,0,1,,,,
2510,0.00078,1,,,,
2511,0,1,,,,
2512,0,1,,,,
2513,0,1,,,,
2514,0,1,,,,
2515,0,1,,,,
2516,0,1,,,,
2517,1e-05,1,,,,
2518,0,1,,,,
2519,0,1,,,,
2520,0,1,,,,
2521,4e-05,1,,,,
2522,0,1,,,,
2523,0,1,,,,
2524,0,1,,,,
2525,0.06507,0.96491,,,,
2526,0,1,,,,
2527,0.09107,0.97143,,,,
2528,0,1,,,,
2529,0.17178,0.97778,,,,
2530,0,1,,,,
2531,0.00286,1,,,,
2532,0,1,,,,
2533,2e-05,1,,,,
2534,0.26274,0.93333,,,,
2535,0,1,,,,
2536,1e-05,1,,,,
2537,0,1,,,,
2538,0.0004,1,,,,
2539,0,1,,,,
2540,0,1,,,,
2541,0,1,,,,
2542,0,1,,,,
2543,0.00087,1,,,,
2544,0,1,,,,
2545,0,1,,,,
2546,1e-05,1,,,,
2547,0,1,,,,
2548,0,1,,,,
2549,0,1,,,,
2550,0,1,,,,
2551,3e-05,1,,,,
2552,0,1,,,,
2553,0,1,,,,
2554,0,1,,,,
2555,0.00018,1,,,,
2556,0,1,,,,
2557,0,1,,,,
2558,0,1,,,,
2559,0,1,,,,
2560,0,1,,,,
2561,0,1,,,,
2562,0.00014,1,,,,
2563,0,1,,,,
2564,0,1,,,,
2565,0.00043,1,,,,
2566,5e-05,1,,,,
2567,0,1,,,,
2568,0.0642,0.97297,,,,
2569,4e-05,1,,,,
2570,0,1,,,,
2571,0,1,,,,
2572,0.00044,1,,,,
2573,0,1,,,,
2574,0,1,,,,
2575,0,1,,,,
2576,0.003,1,,,,
2577,0.0474,0.975,,,,
2578,0.013,1,,,,
2579,0,1,,,,
2580,0,1,,,,
2581,0,1,,,,
2582,0.00167,1,,,,
2583,0.00013,1,,,,
2584,0,1,,,,
2585,0.06194,0.98361,,,,
2586,0.01843,0.98182,,,,
2587,0,1,,,,
2588,0,1,,,,
2589,0,1,,,,
2590,0.0001,1,,,,
2591,0,1,,,,
2592,0.00034,1,,,,
2593,0,1,,,,
2594,0.0001,1,,,,
2595,0,1,,,,
2596,0.00057,1,,,,
2597,0,1,,,,
2598,0,1,,,,
2599,0,1,,,,
2600,0,1,,,,
2601,0.07995,0.93333,,,,
2602,0,1,,,,
2603,0,1,,,,
2604,0,1,,,,
2605,0,1,,,,
2606,3e-05,1,,,,
2607,0,1,,,,
2608,0,1,,,,
2609,0.15968,0.98551,,,,
2610,0,1,,,,
2611,0,1,,,,
2612,0,1,,,,
2613,0,1,,,,
2614,0,1,,,,
2615,0.00809,1,,,,
2616,0,1,,,,
2617,0,1,,,,
2618,0,1,,,,
2619,0,1,,,,
2620,0,1,,,,
2621,0,1,,,,
2622,0,1,,,,
2623,0,1,,,,
2624,0,1,,,,
2625,0,1,,,,
2626,0,1,,,,
2627,0,1,,,,
2628,1e-05,1,,,,
2629,0,1,,,,
2630,0.0006,1,,,,
2631,0.00223,1,,,,
2632,0,1,,,,
2633,0,1,,,,
2634,0.00014,1,,,,
2635,0,1,,,,
2636,0.26986,0.93333,,,,
2637,0,1,,,,
2638,0,1,,,,
2639,0,1,,,,
2640,0.00102,1,,,,
2641,0,1,,,,
2642,0.00023,1,,,,
2643,0,1,,,,
2644,1e-05,1,,,,
2645,0,1,,,,
2646,0,1,,,,
2647,6e-05,1,,,,
2648,0,1,,,,
2649,0,1,,,,
2650,0.1591,0.98507,,,,
2651,0,1,,,,
2652,0,1,,,,
2653,0,1,,,,
2654,0,1,,,,
2655,3e-05,1,,,,
2656,0,1,,,,
2657,0,1,,,,
2658,7e-05,1,,,,
2659,0,1,,,,
2660,0,1,,,,
2661,0,1,,,,
2662,0.08,0.98,,,,
2663,0,1,,,,
2664,0.00286,1,,,,
2665,5e-05,1,,,,
2666,0,1,,,,
2667,0,1,,,,
2668,3e-05,1,,,,
2669,0,1,,,,
2670,0,1,,,,
2671,0.00025,1,,,,
2672,0,1,,,,
2673,0.00278,1,,,,
2674,0,1,,,,
2675,0,1,,,,
2676,0,1,,,,
2677,0,1,,,,
2678,0,1,,,,
2679,0.00018,1,,,,
2680,0,1,,,,
2681,0.18107,0.97778,,,,
2682,0.17273,0.97222,,,,
2683,0,1,,,,
2684,1e-05,1,,,,
2685,0,1,,,,
2686,0,1,,,,
2687,0,1,,,,
2688,0.0013,1,,,,
2689,0.12534,0.95122,,,,
2690,0,1,,,,
2691,0,1,,,,
2692,0.0016,1,,,,
2693,0,1,,,,
2694,0.04841,0.97143,,,,
2695,0,1,,,,
2696,0,1,,,,
2697,0.00024,1,,,,
2698,0,1,,,,
2699,0,1,,,,
2700,0,1,,,,
2701,0.00244,1,,,,
2702,0,1,,,,
2703,0,1,,,,
2704,0,1,,,,
2705,0,1,,,,
2706,0,1,,,,
2707,0,1,,,,
2708,0.00027,1,,,,
2709,0,1,,,,
2710,0,1,,,,
2711,0,1,,,,
2712,0.00029,1,,,,
2713,0,1,,,,
2714,0.00078,1,,,,
2715,0,1,,,,
2716,0.00129,1,,,,
2717,0.0005,1,,,,
2718,1e-05,1,,,,
2719,0,1,,,,
2720,0,1,,,,
2721,0,1,,,,
2722,0,1,,,,
2723,0,1,,,,
2724,2e-05,1,,,,
2725,0,1,,,,
2726,0,1,,,,
2727,0,1,,,,
2728,0.00052,1,,,,
2729,0,1,,,,
2730,5e-05,1,,,,
2731,0,1,,,,
2732,0,1,,,,
2733,7e-05,1,,,,
2734,0,1,,,,
2735,6e-05,1,,,,
2736,0,1,,,,
2737,0.03458,1,,,,
2738,0,1,,,,
2739,0,1,,,,
2740,0,1,,,,
2741,0,1,,,,
2742,0,1,,,,
2743,0,1,,,,
2744,0.00015,1,,,,
2745,0,1,,,,
2746,0.00049,1,,,,
2747,1e-05,1,,,,
2748,0,1,,,,
2749,0,1,,,,
2750,0,1,,,,
2751,0,1,,,,
2752,0,1,,,,
2753,0.00058,1,,,,
2754,0,1,,,,
2755,0,1,,,,
2756,0,1,,,,
2757,0.00014,1,,,,
2758,0,1,,,,
2759,0,1,,,,
2760,0,1,,,,
2761,0,1,,,,
2762,0,1,,,,
2763,0,1,,,,
2764,0,1,,,,
2765,0,1,,,,
2766,0.00026,1,,,,
2767,0,1,,,,
2768,9e-05,1,,,,
2769,0.00014,1,,,,
2770,0.00013,1,,,,
2771,0,1,,,,
2772,0,1,,,,
2773,0,1,,,,
2774,0,1,,,,
2775,0,1,,,,
2776,0,1,,,,
2777,0,1,,,,
2778,0.00116,1,,,,
2779,8e-05,1,,,,
2780,0,1,,,,
2781,0,1,,,,
2782,0,1,,,,
2783,0,1,,,,
2784,0,1,,,,
2785,0,1,,,,
2786,0,1,,,,
2787,0,1,,,,
2788,0,1,,,,
2789,0,1,,,,
2790,0,1,,,,
2791,0,1,,,,
2792,0,1,,,,
2793,1e-05,1,,,,
2794,0.11169,0.93333,,,,
2795,0.00015,1,,,,
2796,0,1,,,,
2797,0.0778,0.98507,,,,
2798,0.10667,0.93333,,,,
2799,0,1,,,,
2800,0,1,,,,
2801,0,1,,,,
2802,6e-05,1,,,,
2803,0,1,,,,
2804,0,1,,,,
2805,0.00015,1,,,,
2806,0,1,,,,
2807,9e-05,1,,,,
2808,0,1,,,,
2809,1e-05,1,,,,
2810,0,1,,,,
2811,0,1,,,,
2812,0,1,,,,
2813,0.00026,1,,,,
2814,0,1,,,,
2815,1e-05,1,,,,
2816,0,1,,,,
2817,1e-05,1,,,,
2818,0,1,,,,
2819,0,1,,,,
2820,2e-05,1,,,,
2821,0,1,,,,
2822,0,1,,,,
2823,0.12597,0.98551,,,,
2824,0.01053,1,,,,
2825,0,1,,,,
2826,0,1,,,,
2827,0.02635,0.97143,,,,
2828,0,1,,,,
2829,0,1,,,,
2830,0.20133,0.97222,,,,
2831,0,1,,,,
2832,0,1,,,,
2833,0.00131,1,,,,
2834,0,1,,,,
2835,0,1,,,,
2836,0,1,,,,
2837,0,1,,,,
2838,0,1,,,,
2839,0,1,,,,
2840,0,1,,,,
2841,0,1,,,,
2842,0,1,,,,
2843,0,1,,,,
2844,0,1,,,,
2845,0.00268,1,,,,
2846,0,1,,,,
2847,0,1,,,,
2848,0,1,,,,
2849,0,1,,,,
2850,0,1,,,,
2851,0,1,,,,
2852,0,1,,,,
2853,0,1,,,,
2854,0,1,,,,
2855,0,1,,,,
2856,0,1,,,,
2857,0,1,,,,
2858,0,1,,,,
2859,2e-05,1,,,,
2860,0.02183,1,,,,
2861,0,1,,,,
2862,0.00087,1,,,,
2863,0,1,,,,
2864,0,1,,,,
2865,0.00092,1,,,,
2866,0,1,,,,
2867,0,1,,,,
2868,0,1,,,,
2869,0,1,,,,
2870,0,1,,,,
2871,0,1,,,,
2872,0.00012,1,,,,
2873,0,1,,,,
2874,0,1,,,,
2875,0,1,,,,
2876,0,1,,,,
2877,0,1,,,,
2878,0.01429,1,,,,
2879,0,1,,,,
2880,0,1,,,,
2881,0,1,,,,
2882,2e-05,1,,,,
2883,0,1,,,,
2884,0,1,,,,
2885,0.0027,1,,,,
2886,0,1,,,,
2887,0,1,,,,
2888,0,1,,,,
2889,1e-05,1,,,,
2890,0,1,,,,
2891,0,1,,,,
2892,0.00031,1,,,,
2893,0,1,,,,
2894,0.00112,1,,,,
2895,0,1,,,,
2896,0,1,,,,
2897,0.0001,1,,,,
2898,0,1,,,,
2899,0,1,,,,
2900,0,1,,,,
2901,0,1,,,,
2902,0.00628,1,,,,
2903,3e-05,1,,,,
2904,0,1,,,,
2905,0.00021,1,,,,
2906,0,1,,,,
2907,0,1,,,,
2908,0,1,,,,
2909,0,1,,,,
2910,0,1,,,,
2911,0,1,,,,
2912,0.00032,1,,,,
2913,0.00028,1,,,,
2914,0,1,,,,
2915,0,1,,,,
2916,0,1,,,,
2917,0,1,,,,
2918,0,1,,,,
2919,0,1,,,,
2920,0,1,,,,
2921,0.00255,1,,,,
2922,0,1,,,,
2923,0,1,,,,
2924,0,1,,,,
2925,0,1,,,,
