 step,train_loss,train_accuracy,valid_loss,valid_mean_token_accuracy,train_mean_reward,full_validation_mean_reward
1,1.41413,0.7619,,,,
2,2.08261,0.73684,,,,
3,1.9753,0.71429,,,,
4,2.277,0.68571,,,,
5,1.94606,0.56757,,,,
6,2.64229,0.6875,,,,
7,1.1187,0.79167,,,,
8,0.99569,0.79167,,,,
9,0.45109,0.82353,,,,
10,1.39505,0.7,,,,
11,1.87781,0.61538,,,,
12,2.32104,0.54054,,,,
13,1.66085,0.74419,,,,
14,1.39228,0.74074,,,,
15,1.76433,0.53704,,,,
16,2.80332,0.6,,,,
17,2.21925,0.56,,,,
18,2.12726,0.72222,,,,
19,1.89071,0.60811,,,,
20,1.06824,0.71429,,,,
21,0.51963,0.89009,,,,
22,2.84532,0.66667,,,,
23,0.8853,0.7037,,,,
24,1.9221,0.625,,,,
25,1.11885,0.76,,,,
26,1.09241,0.82759,,,,
27,1.75242,0.54386,,,,
28,0.59127,0.82759,,,,
29,1.12136,0.68595,,,,
30,0.94431,0.84,,,,
31,1.521,0.67089,,,,
32,0.94772,0.79167,,,,
33,1.25341,0.76,,,,
34,1.29894,0.64912,,,,
35,2.79025,0.5,,,,
36,0.73596,0.82609,,,,
37,0.72639,0.83333,,,,
38,0.77597,0.69231,,,,
39,0.52977,0.88235,,,,
40,0.71189,0.74359,,,,
41,1.07955,0.76923,,,,
42,0.16953,0.92593,,,,
43,0.83558,0.82353,,,,
44,0.93938,0.72549,,,,
45,1.75149,0.59783,,,,
46,0.51747,0.7931,,,,
47,1.06692,0.7,,,,
48,0.85737,0.85,,,,
49,1.25715,0.66667,,,,
50,0.87076,0.8125,,,,
51,0.07465,1,,,,
52,1.32006,0.59574,,,,
53,0.8284,0.66667,,,,
54,0.37545,0.92308,,,,
55,0.90951,0.83333,,,,
56,1.31075,0.68,,,,
57,0.26848,0.96429,,,,
58,0.55769,0.88235,,,,
59,2.21702,0.5,,,,
60,1.18005,0.66667,,,,
61,0.46353,0.84848,,,,
62,0.74517,0.7907,,,,
63,1.18399,0.67816,,,,
64,0.19884,0.92308,,,,
65,1.26181,0.71429,,,,
66,1.12193,0.78049,,,,
67,0.22218,0.96296,,,,
68,0.47538,0.8,,,,
69,0.9241,0.76786,,,,
70,0.40311,0.86667,,,,
71,0.17276,0.96,,,,
72,2.08419,0.70968,,,,
73,0.13755,1,,,,
74,2.06032,0.58108,,,,
75,0.11387,0.96296,,,,
76,1.03486,0.66667,,,,
77,1.11214,0.61404,,,,
78,0.88833,0.76923,,,,
79,0.78314,0.78261,,,,
80,1.26315,0.63636,,,,
81,1.08413,0.8125,,,,
82,1.58683,0.63636,,,,
83,0.1113,0.96429,,,,
84,1.23271,0.6875,,,,
85,1.1941,0.78261,,,,
86,1.09423,0.77778,,,,
87,0.6773,0.84615,,,,
88,0.90145,0.8,,,,
89,1.18873,0.80952,,,,
90,1.72556,0.65116,,,,
91,1.21249,0.64286,,,,
92,0.64665,0.71429,,,,
93,1.11496,0.71429,,,,
94,1.09183,0.72414,,,,
95,0.11069,0.96552,,,,
96,0.49417,0.73333,,,,
97,2.27202,0.47059,,,,
98,1.68726,0.60714,,,,
99,0.29775,0.96154,,,,
100,0.49561,0.9,,,,
101,1.34787,0.8,,,,
102,1.07227,0.65455,,,,
103,0.6548,0.875,,,,
104,0.82198,0.82759,,,,
105,0.1332,0.96296,,,,
106,2.54755,0.55556,,,,
107,1.1041,0.71264,,,,
108,0.22652,0.875,,,,
109,0.63238,0.79545,,,,
110,2.02133,0.55,,,,
111,0.62418,0.77273,,,,
112,0.06738,1,,,,
113,1.19769,0.85714,,,,
114,0.59331,0.88235,,,,
115,0.95537,0.65957,,,,
116,1.19416,0.76471,,,,
117,1.57765,0.58889,,,,
118,0.76182,0.93333,,,,
119,0.51697,0.86957,,,,
120,1.63812,0.52632,,,,
121,0.40992,0.94118,,,,
122,0.03605,1,,,,
123,1.31337,0.69231,,,,
124,1.37458,0.76667,,,,
125,2.28212,0.5,,,,
126,1.05652,0.75,,,,
127,0.34149,0.90244,,,,
128,1.14264,0.73333,,,,
129,0.13028,0.96296,,,,
130,0.25346,0.95833,,,,
131,1.87363,0.7,,,,
132,1.47437,0.65094,,,,
133,1.28882,0.6129,,,,
134,1.55545,0.54878,,,,
135,2.14856,0.51429,,,,
136,0.33656,0.9375,,,,
137,1.42179,0.70833,,,,
138,0.05761,1,,,,
139,0.74323,0.79167,,,,
140,0.04353,1,,,,
141,0.43302,0.84444,,,,
142,0.045,1,,,,
143,1.5318,0.61905,,,,
144,1.54308,0.62025,,,,
145,1.05795,0.67273,,,,
146,1.73845,0.6383,,,,
147,0.07673,1,,,,
148,0.05652,1,,,,
149,1.71108,0.68966,,,,
150,1.67306,0.57895,,,,
151,0.16584,0.96154,,,,
152,2.54133,0.44118,,,,
153,1.99068,0.63043,,,,
154,0.19761,0.88462,,,,
155,0.14131,0.96296,,,,
156,1.10646,0.68831,,,,
157,0.0578,1,,,,
158,1.08954,0.73333,,,,
159,0.56438,0.76471,,,,
160,1.01081,0.68571,,,,
161,1.73615,0.56897,,,,
162,1.6043,0.8,,,,
163,1.76685,0.63636,,,,
164,0.70251,0.80435,,,,
165,1.48421,0.65385,,,,
166,0.20934,0.9375,,,,
167,0.60253,0.86667,,,,
168,1.1714,0.7619,,,,
169,0.10111,0.96552,,,,
170,0.85791,0.78161,,,,
171,1.05884,0.78261,,,,
172,0.38952,0.88889,,,,
173,1.73809,0.61538,,,,
174,0.03187,1,,,,
175,0.20894,0.92857,,,,
176,2.4816,0.54545,,,,
177,1.22697,0.7027,,,,
178,1.85756,0.6,,,,
179,0.0422,1,,,,
180,1.18893,0.65,,,,
181,0.74157,0.81818,,,,
182,0.6669,0.78947,,,,
183,1.29688,0.61905,,,,
184,0.11708,0.96154,,,,
185,1.43183,0.60526,,,,
186,0.06725,0.96429,,,,
187,0.21034,0.91667,,,,
188,0.09521,0.93333,,,,
189,0.07754,0.96296,,,,
190,0.06514,0.96429,,,,
191,0.54859,0.83333,,,,
192,0.63215,0.875,,,,
193,0.51502,0.9375,,,,
194,0.06329,0.92308,,,,
195,1.49891,0.63043,,,,
196,0.7908,0.79167,,,,
197,0.72982,0.90476,,,,
198,0.49887,0.82143,,,,
199,1.26699,0.725,,,,
200,1.21221,0.7,,,,
201,1.84945,0.55556,,,,
202,1.26308,0.7,,,,
203,0.55277,0.82979,,,,
204,0.79241,0.83333,,,,
205,1.12122,0.78261,,,,
206,0.53549,0.75,,,,
207,0.24258,0.95238,,,,
208,1.6221,0.59231,,,,
209,0.44381,0.875,,,,
210,0.42354,0.84211,,,,
211,0.56658,0.88889,,,,
212,0.05776,0.96154,,,,
213,0.75261,0.76471,,,,
214,0.23709,0.91667,,,,
215,0.45923,0.90909,,,,
216,0.1821,0.95455,,,,
217,0.20192,0.9375,,,,
218,1.26451,0.64912,,,,
219,0.82008,0.78571,,,,
220,0.38993,0.88372,,,,
221,0.07189,0.96296,,,,
222,0.99446,0.67797,,,,
223,0.03625,1,,,,
224,1.22712,0.64151,,,,
225,0.75643,0.875,,,,
226,0.73097,0.82857,,,,
227,0.63626,0.76471,,,,
228,1.28474,0.63934,,,,
229,1.27026,0.71333,,,,
230,0.94474,0.70833,,,,
231,1.8514,0.67308,,,,
232,0.0524,0.96296,,,,
233,1.35078,0.61905,,,,
234,0.94972,0.69697,,,,
235,0.02266,1,,,,
236,0.55993,0.8,,,,
237,0.31662,0.96552,,,,
238,1.13974,0.66667,,,,
239,0.69066,0.82927,,,,
240,0.04204,1,,,,
241,0.10981,0.96,,,,
242,1.1832,0.70833,,,,
243,1.07023,0.76471,,,,
244,0.23875,0.93333,,,,
245,0.72404,0.79545,,,,
246,0.76804,0.775,,,,
247,1.17418,0.7551,,,,
248,0.86031,0.77778,,,,
249,0.97082,0.7,,,,
250,1.55369,0.74074,,,,
251,0.43944,0.95,,,,
252,1.50242,0.63107,,,,
253,0.13486,0.92308,,,,
254,0.65505,0.82143,,,,
255,0.04384,1,,,,
256,1.57314,0.6,,,,
257,0.35911,0.85106,,,,
258,1.20959,0.65957,,,,
259,1.37363,0.71429,,,,
260,1.2635,0.59664,,,,
261,0.00789,1,,,,
262,0.18513,0.92593,,,,
263,0.65241,0.81818,,,,
264,1.06456,0.77778,,,,
265,0.48712,0.79592,,,,
266,0.97726,0.78261,,,,
267,0.07055,1,,,,
268,1.56455,0.61486,,,,
269,0.8336,0.75,,,,
270,0.3544,0.85714,,,,
271,0.86199,0.82857,,,,
272,0.2623,0.89286,,,,
273,2.12532,0.5,,,,
274,1.33292,0.70833,,,,
275,1.29932,0.57895,,,,
276,1.58591,0.65,,,,
277,0.54636,0.85714,,,,
278,1.03956,0.68085,,,,
279,0.09728,1,,,,
280,0.0174,1,,,,
281,1.15754,0.74684,,,,
282,1.42789,0.65385,,,,
283,0.01429,1,,,,
284,1.16566,0.67742,,,,
285,0.00651,1,,,,
286,0.03181,1,,,,
287,1.77378,0.60714,,,,
288,0.74492,0.76596,,,,
289,1.64032,0.60317,,,,
290,0.85042,0.72857,,,,
291,0.00626,1,,,,
292,0.0504,1,,,,
293,1.69486,0.5,,,,
294,1.45445,0.72414,,,,
295,0.03668,1,,,,
296,1.21452,0.77143,,,,
297,0.89058,0.71212,,,,
298,0.44718,0.9375,,,,
299,0.94386,0.82609,,,,
300,0.11114,0.96429,,,,
301,1.0903,0.7193,,,,
302,2.24272,0.52381,,,,
303,0.01164,1,,,,
304,1.29278,0.74074,,,,
305,1.06134,0.68182,,,,
306,0.28645,0.94118,,,,
307,0.32419,0.90698,,,,
308,0.30366,0.91667,,,,
309,1.13342,0.65957,,,,
310,0.02143,1,,,,
311,1.42311,0.70213,,,,
312,0.28455,0.86047,,,,
313,0.0116,1,,,,
314,1.68109,0.63514,,,,
315,0.55469,0.86364,,,,
316,1.04973,0.75,,,,
317,0.19258,0.96154,,,,
318,1.27867,0.73333,,,,
319,1.01665,0.75862,,,,
320,0.81722,0.76033,,,,
321,0.75911,0.84,,,,
322,0.50525,0.85714,,,,
323,0.70981,0.86111,,,,
324,0.19993,0.95238,,,,
325,0.47832,0.86957,,,,
326,1.05933,0.69565,,,,
327,0.98519,0.78,,,,
328,1.61214,0.59459,,,,
329,0.23811,0.9697,,,,
330,1.30911,0.60606,,,,
331,0.71547,0.83333,,,,
332,0.18959,0.92683,,,,
333,0.05868,1,,,,
334,0.36886,0.86957,,,,
335,0.12519,0.96154,,,,
336,1.33733,0.72,,,,
337,0.19544,0.96552,,,,
338,0.4939,0.88235,,,,
339,0.11512,0.96552,,,,
340,0.24295,0.89362,,,,
341,1.06169,0.68254,,,,
342,0.03711,1,,,,
343,1.09296,0.8,,,,
344,0.25382,0.90909,,,,
345,0.93032,0.8,,,,
346,1.17428,0.72667,,,,
347,0.02527,1,,,,
348,1.94312,0.57143,,,,
349,1.37794,0.63333,,,,
350,0.61184,0.875,,,,
351,0.09498,1,,,,
352,0.38391,0.89706,,,,
353,0.58778,0.81395,,,,
354,1.55271,0.52941,,,,
355,0.18578,0.93548,,,,
356,0.83018,0.71186,,,,
357,0.89866,0.72727,,,,
358,0.32134,0.92857,,,,
359,0.85051,0.77778,,,,
360,2.05763,0.66667,,,,
361,0.69189,0.86957,,,,
362,0.20899,0.96154,,,,
363,0.35349,0.87234,,,,
364,0.02028,1,,,,
365,0.98934,0.77551,,,,
366,0.01081,1,,,,
367,0.94836,0.76667,,,,
368,0.02471,1,,,,
369,2.1467,0.5,,,,
370,0.50884,0.91667,,,,
371,0.79248,0.84615,,,,
372,1.36617,0.6699,,,,
373,0.21253,0.92593,,,,
374,0.03682,0.96296,,,,
375,0.30314,0.91667,,,,
376,1.84627,0.71429,,,,
377,1.09222,0.8,,,,
378,0.37994,0.84211,,,,
379,0.59581,0.875,,,,
380,0.00227,1,,,,
381,0.08164,0.96296,,,,
382,0.74671,0.84,,,,
383,1.08952,0.76,,,,
384,0.64106,0.8,,,,
385,1.08815,0.72857,,,,
386,0.32394,0.93103,,,,
387,0.97682,0.80769,,,,
388,0.89488,0.75556,,,,
389,0.13945,0.96429,,,,
390,0.85998,0.78125,,,,
391,0.38918,0.88235,,,,
392,0.32139,0.9375,,,,
393,1.25867,0.73913,,,,
394,0.0611,0.96296,,,,
395,0.71727,0.80488,,,,
396,0.02103,1,,,,
397,1.51917,0.6413,,,,
398,1.55933,0.65385,,,,
399,0.8682,0.70909,,,,
400,0.15931,0.93103,,,,
401,1.2814,0.66667,,,,
402,0.96207,0.70115,,,,
403,0.28299,0.95,,,,
404,1.38577,0.74194,,,,
405,0.67841,0.76471,,,,
406,0.00263,1,,,,
407,0.5896,0.81818,,,,
408,0.95969,0.80952,,,,
409,0.89275,0.75862,,,,
410,0.20011,0.93333,,,,
411,0.86628,0.75,,,,
412,1.16608,0.85714,,,,
413,1.28732,0.59756,,,,
414,0.21956,0.95833,,,,
415,1.61463,0.59483,,,,
416,0.71331,0.83333,,,,
417,0.89192,0.77647,,,,
418,0.0027,1,,,,
419,1.09863,0.70492,,,,
420,0.39809,0.875,,,,
421,0.02293,1,,,,
422,1.94514,0.54545,,,,
423,0.10693,0.96154,,,,
424,1.21143,0.66667,,,,
425,0.89306,0.8,,,,
426,0.29248,0.91667,,,,
427,0.92109,0.77193,,,,
428,0.44458,0.86275,,,,
429,0.00432,1,,,,
430,1.06552,0.7619,,,,
431,0.80345,0.80435,,,,
432,0.25485,0.9,,,,
433,1.03534,0.73585,,,,
434,0.51125,0.83333,,,,
435,0.92713,0.93333,,,,
436,0.09432,0.96296,,,,
437,1.11164,0.76667,,,,
438,0.56856,0.82353,,,,
439,1.25452,0.69048,,,,
440,0.69268,0.93333,,,,
441,1.11195,0.7027,,,,
442,0.03719,1,,,,
443,0.4404,0.89189,,,,
444,0.50582,0.78947,,,,
445,0.20183,0.96667,,,,
446,0.55683,0.83333,,,,
447,0.8742,0.8,,,,
448,0.49418,0.90476,,,,
449,0.84313,0.74545,,,,
450,1.44056,0.64912,,,,
451,0.36854,0.88235,,,,
452,0.00975,1,,,,
453,1.1681,0.75,,,,
454,1.09823,0.65789,,,,
455,0.02371,1,,,,
456,0.28982,0.9,,,,
457,0.48314,0.84615,,,,
458,0.55915,0.84091,,,,
459,0.41272,0.93333,,,,
460,0.00043,1,,,,
461,0.52365,0.85,,,,
462,1.02372,0.75,,,,
463,0.09476,1,,,,
464,0.37285,0.9375,,,,
465,0.43072,0.88889,,,,
466,0.93121,0.84211,,,,
467,0.06413,1,,,,
468,0.00543,1,,,,
469,1.1215,0.6875,,,,
470,0.00692,1,,,,
471,1.53566,0.67089,,,,
472,1.05468,0.7037,,,,
473,0.72717,0.82,,,,
474,0.00457,1,,,,
475,0.66755,0.84286,,,,
476,0.36517,0.9,,,,
477,1.35247,0.68571,,,,
478,0.42153,0.9375,,,,
479,1.05531,0.69048,,,,
480,0.00389,1,,,,
481,0.00125,1,,,,
482,0.36997,0.90909,,,,
483,0.922,0.66667,,,,
484,0.66915,0.80488,,,,
485,0.33077,0.89744,,,,
486,0.0062,1,,,,
487,0.75683,0.76786,,,,
488,0.30362,0.92308,,,,
489,1.72692,0.65217,,,,
490,0.55095,0.82692,,,,
491,0.04825,0.96429,,,,
492,1.00011,0.71795,,,,
493,0.66278,0.8,,,,
494,0.58363,0.77778,,,,
495,0.00129,1,,,,
496,1.44227,0.60769,,,,
497,0.04312,0.96296,,,,
498,0.00025,1,,,,
499,0.92332,0.74667,,,,
500,0.04222,1,,,,
501,0.68173,0.81081,,,,
502,0.8923,0.73077,,,,
503,0.44837,0.77273,,,,
504,0.87762,0.79167,,,,
505,0.51696,0.85417,,,,
506,0.73966,0.85185,,,,
507,0.7185,0.7931,,,,
508,0.03748,0.96296,,,,
509,0.71768,0.8,,,,
510,1.32299,0.67925,,,,
511,1.46494,0.64286,,,,
512,0.00486,1,,,,
513,0.01546,1,,,,
514,0.29274,0.93333,,,,
515,1.32399,0.65116,,,,
516,1.10363,0.66387,,,,
517,0.00996,1,,,,
518,1.34178,0.60526,,,,
519,0.45925,0.83673,,,,
520,0.00236,1,,,,
521,0.78001,0.89655,,,,
522,1.42058,0.68182,,,,
523,1.09575,0.68421,,,,
524,0.18396,0.9375,,,,
525,0.36538,0.91304,,,,
526,0.0494,0.96429,,,,
527,0.1663,0.93333,,,,
528,0.0068,1,,,,
529,0.00989,1,,,,
530,4e-05,1,,,,
531,1.09605,0.69767,,,,
532,0.62803,0.8,,,,
533,0.00626,1,,,,
534,1.23018,0.67857,,,,
535,2e-05,1,,,,
536,0.00256,1,,,,
537,0.00019,1,,,,
538,0.80178,0.73684,,,,
539,1.05636,0.70833,,,,
540,0.70234,0.83333,,,,
541,1.27408,0.68932,,,,
542,0.87277,0.76667,,,,
543,1.10909,0.66667,,,,
544,0.57009,0.85,,,,
545,0.79024,0.78824,,,,
546,0.00036,1,,,,
547,0.0028,1,,,,
548,0.14136,0.95833,,,,
549,0.00599,1,,,,
550,1.17009,0.74286,,,,
551,0.79387,0.82143,,,,
552,0.40314,0.84091,,,,
553,1.00066,0.70492,,,,
554,0.69753,0.90909,,,,
555,8e-05,1,,,,
556,0.13801,0.95,,,,
557,0.97607,0.8,,,,
558,0.76268,0.67797,,,,
559,0.5089,0.85714,,,,
560,0.93938,0.70175,,,,
561,0.90603,0.78161,,,,
562,0.00671,1,,,,
563,1.23974,0.68421,,,,
564,0.81856,0.75439,,,,
565,0.6736,0.7931,,,,
566,0.29327,0.91667,,,,
567,0.00909,1,,,,
568,0.64643,0.78723,,,,
569,0.51158,0.91667,,,,
570,0.19703,0.95455,,,,
571,0.38883,0.88,,,,
572,0.52847,0.91304,,,,
573,0.4269,0.86486,,,,
574,1.47576,0.64655,,,,
575,0.20557,0.93333,,,,
576,1.11465,0.65789,,,,
577,1e-05,1,,,,
578,0.00895,1,,,,
579,0.28368,0.9,,,,
580,0.30089,0.93023,,,,
581,1.20867,0.71698,,,,
582,0.15654,0.925,,,,
583,1.47304,0.60811,,,,
584,1.34395,0.63846,,,,
585,0.45955,0.88372,,,,
586,0.00068,1,,,,
587,0.34071,0.9,,,,
588,0.8803,0.84211,,,,
589,0.25224,0.90244,,,,
590,0.75609,0.78788,,,,
591,0.00439,1,,,,
592,0.18199,0.9375,,,,
593,0.24987,0.96154,,,,
594,0.3082,0.93333,,,,
595,0.00014,1,,,,
596,1.02534,0.81481,,,,
597,0.14051,0.94118,,,,
598,1.51122,0.64286,,,,
599,2e-05,1,,,,
600,0.53795,0.92857,,,,
601,0.16108,0.92647,,,,
602,0.76145,0.9,,,,
603,0.16876,0.93333,,,,
604,0.97452,0.77215,,,,
605,0.27002,0.91837,,,,
606,0.2632,0.88889,,,,
607,0.69896,0.82692,,,,
608,0.32302,0.94118,,,,
609,1.28203,0.72727,,,,
610,0.74035,0.82609,,,,
611,1.26521,0.65217,,,,
612,0.0384,0.96429,,,,
613,0.9516,0.75362,,,,
614,0.91839,0.71698,,,,
615,0.35393,0.9,,,,
616,0.00039,1,,,,
617,0.08466,0.95238,,,,
618,0.18833,0.93023,,,,
619,0.01591,1,,,,
620,0.7795,0.74667,,,,
621,1.10275,0.71333,,,,
622,0.14503,0.92308,,,,
623,0.05336,1,,,,
624,0.12582,0.93333,,,,
625,0.12304,0.96296,,,,
626,0.13581,0.94872,,,,
627,0.88149,0.70175,,,,
628,0.80588,0.81818,,,,
629,0.18627,0.96296,,,,
630,0.74928,0.85,,,,
631,0.81965,0.79592,,,,
632,1.68202,0.66667,,,,
633,0.34842,0.89474,,,,
634,0.99428,0.68908,,,,
635,0.74336,0.77686,,,,
636,0.00095,1,,,,
637,1.33358,0.68354,,,,
638,1.86632,0.52632,,,,
639,0.84778,0.84615,,,,
640,0.41747,0.82353,,,,
641,0.7684,0.79487,,,,
642,0.00019,1,,,,
643,0.71581,0.83333,,,,
644,1.15344,0.70968,,,,
645,0.60488,0.84,,,,
646,0.9585,0.70968,,,,
647,0.22195,0.91667,,,,
648,0.4491,0.85714,,,,
649,1.21588,0.70213,,,,
650,1.06812,0.68182,,,,
651,0.04811,1,,,,
652,1.65044,0.57143,,,,
653,0.15626,0.92857,,,,
654,0.14537,0.95652,,,,
655,0.56474,0.82,,,,
656,0.00094,1,,,,
657,0.92171,0.73333,,,,
658,0.00064,1,,,,
659,0.12041,0.93478,,,,
660,0.55109,0.88571,,,,
661,0.28074,0.96154,,,,
662,0.16593,0.92593,,,,
663,1.69912,0.71429,,,,
664,0.48149,0.86364,,,,
665,0.00324,1,,,,
666,0.04357,0.96296,,,,
667,4e-05,1,,,,
668,0.25215,0.9,,,,
669,0.03243,1,,,,
670,0.17548,0.91489,,,,
671,2e-05,1,,,,
672,0.00043,1,,,,
673,0.57261,0.80769,,,,
674,0.9743,0.72619,,,,
675,0.23371,0.92105,,,,
676,0.63616,0.93103,,,,
677,1.33416,0.65385,,,,
678,0.98468,0.73077,,,,
679,0.32592,0.96552,,,,
680,0.32575,0.91667,,,,
681,0.09973,0.96296,,,,
682,0.70313,0.71795,,,,
683,0.01167,1,,,,
684,0.22652,0.91667,,,,
685,0.13454,0.96774,,,,
686,1.11233,0.77143,,,,
687,1.05602,0.72973,,,,
688,0.91767,0.7619,,,,
689,1.21272,0.66667,,,,
690,0.11108,0.96296,,,,
691,0.00499,1,,,,
692,1e-05,1,,,,
693,0.19418,0.92857,,,,
694,0.01466,1,,,,
695,0.00257,1,,,,
696,0.51803,0.875,,,,
697,0.33355,0.93333,,,,
698,0,1,,,,
699,0.34725,0.96429,,,,
700,0.83466,0.80952,,,,
701,0.98565,0.69697,,,,
702,0.45214,0.82353,,,,
703,2.05106,0.52381,,,,
704,0.55777,0.8,,,,
705,0.70436,0.7931,,,,
706,1.07545,0.78261,,,,
707,0.06478,0.91667,,,,
708,0.78585,0.80488,,,,
709,0.49075,0.85,,,,
710,0.00011,1,,,,
711,1.38634,0.66667,,,,
712,0.96114,0.74286,,,,
713,0.17696,0.9375,,,,
714,1e-05,1,,,,
715,0.64637,0.88889,,,,
716,0.21151,0.91667,,,,
717,1e-05,1,,,,
718,0.5531,0.85417,,,,
719,0.77307,0.85714,,,,
720,0.66038,0.8125,,,,
721,0.5456,0.82143,,,,
722,2e-05,1,,,,
723,0.16758,0.96552,,,,
724,1.19661,0.58824,,,,
725,1.15411,0.72,,,,
726,0.55788,0.91667,,,,
727,0.87273,0.75,,,,
728,0,1,,,,
729,0.8891,0.73438,,,,
730,0.55087,0.86364,,,,
731,1.13731,0.79167,,,,
732,0.12607,0.9375,,,,
733,0.25007,0.90476,,,,
734,0.57707,0.96667,,,,
735,0.05214,1,,,,
736,0.36452,0.96154,,,,
737,0.64329,0.83333,,,,
738,0.40334,0.8991,,,,
739,0.80749,0.8,,,,
740,1e-05,1,,,,
741,0.36516,0.86364,,,,
742,0.15793,0.9375,,,,
743,1.01642,0.61702,,,,
744,0.00082,1,,,,
745,0.82014,0.74468,,,,
746,0.20476,0.96552,,,,
747,0.70483,0.82857,,,,
748,0.68262,0.8,,,,
749,1.11909,0.63415,,,,
750,0.01941,1,,,,
751,0.90766,0.68519,,,,
752,0,1,,,,
753,0.00382,1,,,,
754,0.59464,0.86957,,,,
755,0.79677,0.85,,,,
756,1.00165,0.78571,,,,
757,0.24574,0.94444,,,,
758,0.75372,0.74545,,,,
759,0.6633,0.85366,,,,
760,0.00349,1,,,,
761,1.46319,0.67391,,,,
762,0.75976,0.8,,,,
763,0,1,,,,
764,1.3777,0.64865,,,,
765,0.6347,0.8125,,,,
766,1.58646,0.55882,,,,
767,0.43609,0.84615,,,,
768,0.00098,1,,,,
769,0.08916,0.94118,,,,
770,0.69534,0.77778,,,,
771,0.20581,0.91304,,,,
772,2e-05,1,,,,
773,0.35727,0.95455,,,,
774,0.30555,0.88235,,,,
775,1.31287,0.7,,,,
776,0.00039,1,,,,
777,0.45496,0.85,,,,
778,0.44478,0.96667,,,,
779,0.74201,0.83333,,,,
780,0.03345,0.9697,,,,
781,0.34263,0.875,,,,
782,0.13326,1,,,,
783,1.2321,0.65,,,,
784,0.54235,0.92857,,,,
785,0.38987,0.85106,,,,
786,0.00015,1,,,,
787,0.98392,0.74074,,,,
788,0.3347,0.9375,,,,
789,0.68056,0.82759,,,,
790,2e-05,1,,,,
791,0.00022,1,,,,
792,1.46584,0.63514,,,,
793,1.09245,0.86957,,,,
794,0.87496,0.72414,,,,
795,0,1,,,,
796,0.93451,0.88,,,,
797,3e-05,1,,,,
798,0.39124,0.87805,,,,
799,0.74473,0.78125,,,,
800,0,1,,,,
801,0.44208,0.89583,,,,
802,0.78845,0.73684,,,,
803,0.79895,0.75362,,,,
804,1.14394,0.72152,,,,
805,1.23082,0.69231,,,,
806,0.47207,0.9,,,,
807,0.40968,0.9,,,,
808,0.01757,1,,,,
809,0.78308,0.84615,,,,
810,1.22741,0.7027,,,,
811,0.43496,0.86364,,,,
812,0.40144,0.88235,,,,
813,0.56185,0.90476,,,,
814,0.41512,0.96,,,,
815,0.00447,1,,,,
816,0,1,,,,
817,0.04527,1,,,,
818,0.7473,0.81818,,,,
819,0,1,,,,
820,0.91904,0.66667,,,,
821,0.83005,0.81481,,,,
822,0,1,,,,
823,1e-05,1,,,,
824,0.0081,1,,,,
825,0.68397,0.78723,,,,
826,0.016,1,,,,
827,0.2515,0.9,,,,
828,0.0191,1,,,,
829,0.70588,0.82,,,,
830,0.04829,0.98529,,,,
831,0.49618,0.83333,,,,
832,0.80043,0.7037,,,,
833,0.00212,1,,,,
834,0.58996,0.82692,,,,
835,0.16295,0.91489,,,,
836,0.56346,0.85366,,,,
837,0.03608,1,,,,
838,0.79749,0.7931,,,,
839,0.5197,0.87097,,,,
840,0.8391,0.77215,,,,
841,0.02628,1,,,,
842,0,1,,,,
843,0.86241,0.7377,,,,
844,0.7517,0.77083,,,,
845,0.90631,0.75,,,,
846,0.19792,0.92593,,,,
847,0.6612,0.80488,,,,
848,0.27388,0.96552,,,,
849,0.63587,0.81176,,,,
850,0.0015,1,,,,
851,1.84297,0.64286,,,,
852,0.63779,0.76,,,,
853,0.00036,1,,,,
854,0.73512,0.89474,,,,
855,0.82234,0.76471,,,,
856,0.00071,1,,,,
857,0.82662,0.74286,,,,
858,0.21604,0.91489,,,,
859,0,1,,,,
860,0.0011,1,,,,
861,0.29707,0.96552,,,,
862,0.0203,1,,,,
863,0.96863,0.67073,,,,
864,0.26316,0.95833,,,,
865,5e-05,1,,,,
866,0.00973,1,,,,
867,0.47807,0.85714,,,,
868,0.01051,1,,,,
869,0.6375,0.80165,,,,
870,0.07128,1,,,,
871,1.58247,0.71429,,,,
872,0.17212,0.96552,,,,
873,0,1,,,,
874,1.22195,0.68254,,,,
875,0.30865,0.90909,,,,
876,0.00201,1,,,,
877,0,1,,,,
878,0.8074,0.77778,,,,
879,0.00021,1,,,,
880,0.43325,0.92857,,,,
881,0.77567,0.8,,,,
882,0.82344,0.73684,,,,
883,0.15222,0.92857,,,,
884,0,1,,,,
885,0,1,,,,
886,0.3876,0.90385,,,,
887,0.00135,1,,,,
888,0.73125,0.76667,,,,
889,0.93349,0.73109,,,,
890,1.22152,0.71429,,,,
891,0.14866,0.95556,,,,
892,0.25208,0.9375,,,,
893,0.71643,0.79245,,,,
894,0.19333,0.95556,,,,
895,0.17575,0.9,,,,
896,0,1,,,,
897,0.20468,0.93333,,,,
898,0.60602,0.8,,,,
899,0.21137,0.96296,,,,
900,0.00512,1,,,,
901,0,1,,,,
902,0,1,,,,
903,0.01249,1,,,,
904,0.00012,1,,,,
905,0.57232,0.87356,,,,
906,0,1,,,,
907,0.47448,0.93103,,,,
908,0.00046,1,,,,
909,0.15093,0.95238,,,,
910,0.26924,0.95652,,,,
911,0.26367,0.95652,,,,
912,0.02332,1,,,,
913,0.39057,0.90909,,,,
914,0.86185,0.80952,,,,
915,1.30667,0.7027,,,,
916,0,1,,,,
917,0.01602,1,,,,
918,0,1,,,,
919,0.58451,0.79661,,,,
920,0.68893,0.83673,,,,
921,1.12106,0.86957,,,,
922,0.34644,0.96429,,,,
923,0.61816,0.81429,,,,
924,0.00274,1,,,,
925,0.65815,0.78947,,,,
926,0.13528,0.96154,,,,
927,0.39786,0.95455,,,,
928,0,1,,,,
929,0.00011,1,,,,
930,0,1,,,,
931,1.35982,0.64706,,,,
932,0.2761,0.93182,,,,
933,0.3801,0.88636,,,,
934,0.75934,0.8046,,,,
935,0.64041,0.84444,,,,
936,0.226,0.95,,,,
937,0.01028,1,,,,
938,0.30168,0.9,,,,
939,1.10469,0.70652,,,,
940,0.09124,0.96154,,,,
941,0,1,,,,
942,0.53388,0.85714,,,,
943,0.74668,0.81395,,,,
944,0.94103,0.75,,,,
945,0.92822,0.76,,,,
946,0.21124,0.94118,,,,
947,0.77997,0.80519,,,,
948,0.92161,0.82857,,,,
949,0,1,,,,
950,0.91075,0.78261,,,,
951,0.04049,1,,,,
952,0.39295,0.9045,,,,
953,0.32725,0.96296,,,,
954,0.19556,0.88372,,,,
955,0.57388,0.84211,,,,
956,0.26481,0.96667,,,,
957,1.03256,0.75439,,,,
958,0.5574,0.96154,,,,
959,1.00589,0.7,,,,
960,0.67253,0.83333,,,,
961,0.24086,0.925,,,,
962,1.37267,0.65714,,,,
963,0.24419,0.93023,,,,
964,0.56891,0.75641,,,,
965,0.73492,0.84,,,,
966,0.14588,0.92308,,,,
967,0.6685,0.81818,,,,
968,0.54997,0.83333,,,,
969,0.51306,0.83333,,,,
970,0.01733,1,,,,
971,0.1332,0.97368,,,,
972,0.18182,0.95918,,,,
973,0.60436,0.8,,,,
974,0.00432,1,,,,
975,1.38189,0.62838,,,,
976,0.82244,0.75269,,,,
977,0.59671,0.79487,,,,
978,0.33826,0.88462,,,,
979,0.71032,0.7619,,,,
980,1.16465,0.70874,,,,
981,1.28143,0.67241,,,,
982,0.39716,0.90698,,,,
983,0.2163,0.96,,,,
984,4e-05,1,,,,
985,1.04913,0.67778,,,,
986,0.74501,0.84211,,,,
987,0.34521,0.88235,,,,
988,0.04232,1,,,,
989,0,1,,,,
990,0.01985,1,,,,
991,0.68716,0.9,,,,
992,0.90268,0.77778,,,,
993,0.38374,0.95652,,,,
994,0,1,,,,
995,1.37183,0.72222,,,,
996,0.54788,0.85185,,,,
997,1.11413,0.71154,,,,
998,0.00015,1,,,,
999,0.00015,1,,,,
1000,0.95698,0.8,,,,
1001,0.59436,0.86957,,,,
1002,0.11256,0.95833,,,,
1003,0.09065,1,,,,
1004,0.63153,0.78125,,,,
1005,0.01,1,,,,
1006,0.0951,0.96429,,,,
1007,0.32571,0.95652,,,,
1008,0.5196,0.78723,,,,
1009,0.63269,0.9,,,,
1010,0.01924,1,,,,
1011,0,1,,,,
1012,0.74754,0.76923,,,,
1013,0,1,,,,
1014,0.03727,0.96154,,,,
1015,0.00447,1,,,,
1016,0.49846,0.91667,,,,
1017,1.2839,0.73913,,,,
1018,0.13862,0.975,,,,
1019,0.19773,0.96154,,,,
1020,0.48523,0.85,,,,
1021,0.17348,0.91429,,,,
1022,0.0039,1,,,,
1023,0.03644,1,,,,
1024,0,1,,,,
1025,0.66642,0.83333,,,,
1026,0.46045,0.89286,,,,
1027,1e-05,1,,,,
1028,0,1,,,,
1029,0.9923,0.72,,,,
1030,0.38461,0.85714,,,,
1031,0,1,,,,
1032,0.90705,0.7234,,,,
1033,0.36855,0.95455,,,,
1034,0.00233,1,,,,
1035,0.00285,1,,,,
1036,1.05526,0.75,,,,
1037,0.58035,0.96667,,,,
1038,0.96698,0.70213,,,,
1039,0.48044,0.91667,,,,
1040,0.23063,0.89474,,,,
1041,0.00267,1,,,,
1042,0.2782,0.9,,,,
1043,0.07817,0.95,,,,
1044,0.7364,0.75758,,,,
1045,1.12258,0.76415,,,,
1046,1.5864,0.57895,,,,
1047,0.94186,0.79167,,,,
1048,0.90003,0.75676,,,,
1049,0.14651,1,,,,
1050,0.56989,0.81667,,,,
1051,0,1,,,,
1052,0.00198,1,,,,
1053,0,1,,,,
1054,0.11546,1,,,,
1055,0.00074,1,,,,
1056,0,1,,,,
1057,0,1,,,,
1058,0.49883,0.86207,,,,
1059,0.03569,1,,,,
1060,0.48796,0.8,,,,
