step,train_loss,train_accuracy,valid_loss,valid_mean_token_accuracy,train_mean_reward,full_validation_mean_reward
1,0.61699,0.82353,,,,
2,0.70547,0.88235,,,,
3,0.45683,0.90476,,,,
4,2.21076,0.7037,,,,
5,1.42303,0.76744,,,,
6,0.51018,0.875,,,,
7,2.61055,0.6875,,,,
8,0.42252,0.8,,,,
9,0.72588,0.77193,,,,
10,1.76533,0.68966,,,,
11,2.4296,0.72727,,,,
12,0.54037,0.96154,,,,
13,0.05348,0.97778,,,,
14,1.75915,0.72297,,,,
15,2.28675,0.78571,,,,
16,0.27062,0.96429,,,,
17,0.45657,0.89286,,,,
18,0.02236,1.0,,,,
19,0.2626,0.85,,,,
20,0.06549,0.95,,,,
21,0.75573,0.88235,,,,
22,0.77313,0.83333,,,,
23,0.05304,0.96,,,,
24,0.54875,0.78947,,,,
25,0.64331,0.87143,,,,
26,0.28822,0.93103,,,,
27,0.96469,0.79167,,,,
28,0.39615,0.88235,,,,
29,0.59734,0.81034,,,,
30,0.86225,0.81481,,,,
31,1.21558,0.725,,,,
32,0.03755,1.0,,,,
33,0.44844,0.90909,,,,
34,0.1667,0.92857,,,,
35,0.0077,1.0,,,,
36,0.14145,0.95455,,,,
37,0.28068,0.92222,,,,
38,0.15421,0.90909,,,,
39,0.38722,0.87143,,,,
40,0.49703,0.89009,,,,
41,0.35061,0.88889,,,,
42,0.65762,0.81481,,,,
43,0.17889,0.93333,,,,
44,0.13385,0.95238,,,,
45,0.26457,0.85714,,,,
46,0.5376,0.85185,,,,
47,0.0589,0.9375,,,,
48,1.3258,0.77586,,,,
49,0.68099,0.85294,,,,
50,0.00371,1.0,,,,
51,0.0495,1.0,,,,
52,0.01771,1.0,,,,
53,1.36455,0.80952,,,,
54,0.84189,0.86111,,,,
55,0.4122,0.85185,,,,
56,0.33327,0.89286,,,,
57,0.20673,0.91111,,,,
58,0.02104,1.0,,,,
59,0.00546,1.0,,,,
60,1.12189,0.80769,,,,
61,0.16525,0.93333,,,,
62,0.27377,0.89655,,,,
63,0.2373,0.88889,,,,
64,0.54094,0.86777,,,,
65,0.74671,0.84615,,,,
66,0.50656,0.91398,,,,
67,0.32135,0.92667,,,,
68,0.92342,0.7561,,,,
69,0.14848,0.94737,,,,
70,0.00341,1.0,,,,
71,0.02334,0.97826,,,,
72,1.03002,0.7907,,,,
73,0.00174,1.0,,,,
74,0.09576,0.92308,,,,
75,0.21344,0.95918,,,,
76,0.01258,1.0,,,,
77,0.36403,0.95652,,,,
78,1.04572,0.79545,,,,
79,0.02758,1.0,,,,
80,0.19019,0.92308,,,,
81,0.39053,0.87234,,,,
82,0.2043,0.91429,,,,
83,0.01102,1.0,,,,
84,0.44996,0.84848,,,,
85,0.57649,0.75,,,,
86,0.35182,0.88,,,,
87,0.04075,1.0,,,,
88,1.13294,0.75,,,,
89,0.30524,0.90625,,,,
90,0.19128,0.96667,,,,
91,0.01875,1.0,,,,
92,0.38564,0.9,,,,
93,0.55279,0.87692,,,,
94,0.00532,1.0,,,,
95,0.00244,1.0,,,,
96,0.00342,1.0,,,,
97,0.06881,0.97087,,,,
98,0.00085,1.0,,,,
99,0.00714,1.0,,,,
100,0.25616,0.97143,,,,
101,0.0003,1.0,,,,
102,0.31912,0.95,,,,
103,0.00011,1.0,,,,
104,0.0357,1.0,,,,
105,0.97818,0.76087,,,,
106,0.08922,0.97368,,,,
107,0.03489,1.0,,,,
108,0.93701,0.82979,,,,
109,0.91507,0.82857,,,,
110,0.00481,1.0,,,,
111,0.83081,0.80435,,,,
112,0.27175,0.92593,,,,
113,0.92646,0.78431,,,,
114,0.97533,0.81818,,,,
115,0.2508,0.93333,,,,
116,0.56261,0.89873,,,,
117,0.44679,0.87805,,,,
118,0.0034,1.0,,,,
119,0.04114,0.96296,,,,
120,0.02537,1.0,,,,
121,0.02442,1.0,,,,
122,0.09292,0.95833,,,,
123,0.00099,1.0,,,,
124,0.17258,0.92105,,,,
125,0.10642,0.92593,,,,
126,0.11977,0.96296,,,,
127,0.87042,0.84615,,,,
128,0.071,0.96429,,,,
129,1.36191,0.74324,,,,
130,0.57451,0.875,,,,
131,0.02416,1.0,,,,
132,0.02155,1.0,,,,
133,0.13018,0.94231,,,,
134,0.00024,1.0,,,,
135,0.49476,0.84211,,,,
136,0.0289,0.96552,,,,
137,0.31646,0.96226,,,,
138,0.32091,0.92,,,,
139,0.3898,0.87234,,,,
140,0.09062,0.96154,,,,
141,0.19311,0.94545,,,,
142,0.40247,0.94231,,,,
143,0.03014,0.96552,,,,
144,0.75363,0.77778,,,,
145,0.00496,1.0,,,,
146,0.00023,1.0,,,,
147,0.33211,0.88136,,,,
148,0.00335,1.0,,,,
149,0.27596,0.86538,,,,
150,0.00117,1.0,,,,
151,0.6132,0.8,,,,
152,0.35858,0.86885,,,,
153,0.00026,1.0,,,,
154,2e-05,1.0,,,,
155,0.73009,0.90909,,,,
156,0.43382,0.93617,,,,
157,1.1825,0.78378,,,,
158,0.95069,0.875,,,,
159,0.00018,1.0,,,,
160,0.2104,0.96429,,,,
161,0.19497,0.92593,,,,
162,2.02211,0.5873,,,,
163,0.60053,0.78723,,,,
164,0.58036,0.76471,,,,
165,0.5059,0.85057,,,,
166,0.06955,0.97647,,,,
167,0.11652,0.9375,,,,
168,0.22119,0.90909,,,,
169,0.55352,0.8125,,,,
170,0.21164,0.9,,,,
171,7e-05,1.0,,,,
172,0.75574,0.825,,,,
173,0.06738,0.94118,,,,
174,0.39666,0.91429,,,,
175,0.4716,0.85,,,,
176,0.56344,0.84211,,,,
177,0.0485,0.97778,,,,
178,1.07487,0.69231,,,,
179,0.02209,1.0,,,,
180,0.01325,1.0,,,,
181,0.3242,0.85106,,,,
182,0.08288,1.0,,,,
183,0.42569,0.81818,,,,
184,0.0001,1.0,,,,
185,0.48784,0.94444,,,,
186,0.03614,1.0,,,,
187,0.66928,0.73333,,,,
188,0.28459,0.93333,,,,
189,0.52456,0.82143,,,,
190,0.25241,0.92857,,,,
191,0.2342,0.95238,,,,
192,0.00047,1.0,,,,
193,0.07265,1.0,,,,
194,0.06893,0.97403,,,,
195,9e-05,1.0,,,,
196,0.04441,1.0,,,,
197,0.00695,1.0,,,,
198,0.19976,0.93548,,,,
199,0.5064,0.94737,,,,
200,0.14796,0.96552,,,,
201,0.2339,0.9,,,,
202,0.01169,1.0,,,,
203,0.45021,0.94444,,,,
204,0.25324,0.94737,,,,
205,0.17849,0.93333,,,,
206,9e-05,1.0,,,,
207,1.11797,0.78049,,,,
208,0.17279,0.94253,,,,
209,0.0,1.0,,,,
210,0.67885,0.9,,,,
211,0.27775,0.96154,,,,
212,1.08195,0.73913,,,,
213,0.0958,0.95349,,,,
214,0.0,1.0,,,,
215,0.79816,0.875,,,,
216,0.00093,1.0,,,,
217,0.04575,0.97917,,,,
218,0.0,1.0,,,,
219,1.04331,0.85,,,,
220,0.46312,0.89744,,,,
221,0.54867,0.88372,,,,
222,0.23455,1.0,,,,
223,0.30967,0.89189,,,,
224,0.54756,0.87037,,,,
225,0.4441,0.9,,,,
226,0.58758,0.79592,,,,
227,0.60135,0.87342,,,,
228,0.00187,1.0,,,,
229,0.00677,1.0,,,,
230,0.00012,1.0,,,,
231,0.00259,1.0,,,,
232,0.01946,1.0,,,,
233,0.11488,0.95652,,,,
234,0.10019,0.95238,,,,
235,0.11481,0.96154,,,,
236,0.3977,0.88636,,,,
237,0.00521,1.0,,,,
238,0.14643,0.92754,,,,
239,0.23827,0.96,,,,
240,0.10224,0.95833,,,,
241,0.26797,0.925,,,,
242,0.16834,0.92,,,,
243,0.23758,0.8913,,,,
244,0.53299,0.96154,,,,
245,0.07102,1.0,,,,
246,0.60118,0.92857,,,,
247,0.85623,0.76829,,,,
248,0.00539,1.0,,,,
249,0.16561,0.95283,,,,
250,0.25344,0.91026,,,,
251,1.18857,0.76087,,,,
252,0.49994,0.82353,,,,
253,6e-05,1.0,,,,
254,0.78231,0.83333,,,,
255,0.09974,0.95652,,,,
256,0.09601,0.96429,,,,
257,0.32138,0.88889,,,,
258,0.3814,0.86842,,,,
259,0.54487,0.83193,,,,
260,0.00377,1.0,,,,
261,0.00022,1.0,,,,
262,0.24935,0.96774,,,,
263,0.03669,1.0,,,,
264,9e-05,1.0,,,,
265,0.00025,1.0,,,,
266,0.33505,0.92157,,,,
267,0.40183,0.94444,,,,
268,0.11551,0.97143,,,,
269,0.16538,0.96552,,,,
270,0.02994,1.0,,,,
271,3e-05,1.0,,,,
272,0.00507,1.0,,,,
273,0.18256,0.93939,,,,
274,1e-05,1.0,,,,
275,0.20729,0.93333,,,,
276,0.01639,1.0,,,,
277,0.17708,0.91489,,,,
278,0.1877,0.94737,,,,
279,0.0,1.0,,,,
280,0.0,1.0,,,,
281,0.1947,0.93333,,,,
282,0.3731,0.89474,,,,
283,0.148,0.94737,,,,
284,1e-05,1.0,,,,
285,0.52988,0.90625,,,,
286,1e-05,1.0,,,,
287,0.01829,1.0,,,,
288,0.21381,0.925,,,,
289,0.0,1.0,,,,
290,0.28458,0.88372,,,,
291,0.0033,1.0,,,,
292,0.16855,0.96429,,,,
293,0.0,1.0,,,,
294,0.0,1.0,,,,
295,0.15625,0.96552,,,,
296,0.03438,1.0,,,,
297,0.03228,0.97674,,,,
298,1e-05,1.0,,,,
299,0.52183,0.96154,,,,
300,0.0,1.0,,,,
301,0.0,1.0,,,,
302,0.25586,0.9434,,,,
303,0.26838,0.875,,,,
304,0.0,1.0,,,,
305,0.05272,0.96296,,,,
306,0.0,1.0,,,,
307,0.0,1.0,,,,
308,0.0,1.0,,,,
309,0.12794,0.93182,,,,
310,0.09734,0.97368,,,,
311,0.03515,1.0,,,,
312,0.24461,0.95652,,,,
313,0.0,1.0,,,,
314,0.00209,1.0,,,,
315,0.0,1.0,,,,
316,0.71857,0.84615,,,,
317,0.86052,0.85366,,,,
318,0.00386,1.0,,,,
319,0.00969,1.0,,,,
320,0.13605,0.92308,,,,
321,1.25846,0.84615,,,,
322,1.5,0.77273,,,,
323,5e-05,1.0,,,,
324,0.0,1.0,,,,
325,0.81997,0.78261,,,,
326,0.00122,1.0,,,,
327,0.01429,1.0,,,,
328,1e-05,1.0,,,,
329,0.05907,0.97917,,,,
330,0.02894,1.0,,,,
331,0.4986,0.88571,,,,
332,0.6995,0.82979,,,,
333,0.17946,0.9697,,,,
334,0.00114,1.0,,,,
335,0.0,1.0,,,,
336,0.0,1.0,,,,
337,0.70715,0.75,,,,
338,0.0013,1.0,,,,
339,0.0,1.0,,,,
340,0.79641,0.90909,,,,
341,0.0,1.0,,,,
342,6e-05,1.0,,,,
343,0.69798,0.85366,,,,
344,0.12775,0.96,,,,
345,0.15405,0.94872,,,,
346,0.59483,0.95833,,,,
347,0.0,1.0,,,,
348,0.96983,0.88889,,,,
349,0.04154,1.0,,,,
350,0.00518,1.0,,,,
351,0.337,0.86957,,,,
352,0.88494,0.85,,,,
353,9e-05,1.0,,,,
354,0.4655,0.90698,,,,
355,0.0,1.0,,,,
356,0.00036,1.0,,,,
357,0.11422,0.95122,,,,
358,0.00265,1.0,,,,
359,0.57501,0.875,,,,
360,2e-05,1.0,,,,
361,0.56286,0.83333,,,,
362,0.25351,0.91667,,,,
363,0.0,1.0,,,,
364,0.0,1.0,,,,
365,0.18705,0.94118,,,,
366,0.97451,0.75,,,,
367,0.20788,0.91667,,,,
368,0.40546,0.85345,,,,
369,0.58192,0.86154,,,,
370,0.50454,0.86486,,,,
371,0.0,1.0,,,,
372,0.09509,0.92857,,,,
373,0.0119,1.0,,,,
374,0.285,0.9,,,,
375,0.43655,0.91667,,,,
376,0.0002,1.0,,,,
377,0.0,1.0,,,,
378,0.0,1.0,,,,
379,0.06448,0.96,,,,
380,0.07797,0.96364,,,,
381,1.06386,0.83333,,,,
382,0.24348,0.92063,,,,
383,0.51397,0.87179,,,,
384,0.17704,0.96296,,,,
385,0.0,1.0,,,,
386,0.17187,0.97143,,,,
387,0.42368,0.81633,,,,
388,0.0345,1.0,,,,
389,0.02065,1.0,,,,
390,0.27467,0.94231,,,,
391,0.15463,0.95918,,,,
392,0.45982,0.84874,,,,
393,0.3628,0.92,,,,
394,0.0,1.0,,,,
395,0.7112,0.95,,,,
396,0.0,1.0,,,,
397,0.2388,0.96296,,,,
398,0.0,1.0,,,,
399,0.00058,1.0,,,,
400,0.32484,0.87234,,,,
401,0.0,1.0,,,,
402,0.01956,1.0,,,,
403,0.0001,1.0,,,,
404,0.0,1.0,,,,
405,0.0,1.0,,,,
406,0.20554,0.93617,,,,
407,0.0,1.0,,,,
408,0.0,1.0,,,,
409,0.0,1.0,,,,
410,0.0,1.0,,,,
411,0.34532,0.89474,,,,
412,0.05818,0.97368,,,,
413,0.06595,1.0,,,,
414,0.0,1.0,,,,
415,0.28969,0.92593,,,,
416,0.3064,0.86364,,,,
417,0.64339,0.94118,,,,
418,0.15687,0.9359,,,,
419,3e-05,1.0,,,,
420,1.07094,0.89474,,,,
421,0.0,1.0,,,,
422,0.0,1.0,,,,
423,0.0,1.0,,,,
424,0.06024,0.96296,,,,
425,0.2789,0.91111,,,,
426,0.0,1.0,,,,
427,0.0,1.0,,,,
428,0.89904,0.80435,,,,
429,0.0,1.0,,,,
430,0.98242,0.77027,,,,
431,0.00125,1.0,,,,
432,0.0,1.0,,,,
433,0.45544,0.87719,,,,
434,0.2705,0.92308,,,,
435,0.0,1.0,,,,
436,0.2412,0.96429,,,,
437,0.39557,0.91176,,,,
438,0.02071,1.0,,,,
439,0.29971,0.90323,,,,
440,0.51459,0.9375,,,,
441,0.46425,0.89009,,,,
442,0.73124,0.95,,,,
443,0.0,1.0,,,,
444,0.19176,0.94595,,,,
445,0.38087,0.85057,,,,
446,0.43001,0.88372,,,,
447,0.00974,1.0,,,,
448,1e-05,1.0,,,,
449,0.11154,0.96774,,,,
450,0.14883,0.94118,,,,
451,0.51113,0.85714,,,,
452,1.68355,0.61905,,,,
453,0.29376,0.92222,,,,
454,0.74224,0.86111,,,,
455,0.0,1.0,,,,
456,0.2306,0.95,,,,
457,0.0,1.0,,,,
458,0.00399,1.0,,,,
459,0.16057,0.96296,,,,
460,0.34418,0.92,,,,
461,0.13265,0.95652,,,,
462,0.00208,1.0,,,,
463,0.10178,0.95402,,,,
464,0.0,1.0,,,,
465,0.25285,0.89091,,,,
466,0.0,1.0,,,,
467,0.28884,0.88889,,,,
468,0.18622,0.96491,,,,
469,0.28335,0.95833,,,,
470,0.0,1.0,,,,
471,0.27047,0.91304,,,,
472,0.27188,0.89362,,,,
473,0.0,1.0,,,,
474,0.46961,0.825,,,,
475,1.4751,0.80952,,,,
476,0.37573,0.90909,,,,
477,1.26952,0.74324,,,,
478,0.31117,0.91139,,,,
479,0.47658,0.80769,,,,
480,0.68811,0.81707,,,,
481,0.07247,0.96774,,,,
482,0.00215,1.0,,,,
483,0.11318,0.95652,,,,
484,0.32614,0.96154,,,,
485,0.0375,1.0,,,,
486,0.00328,1.0,,,,
487,0.0,1.0,,,,
488,0.62827,0.75,,,,
489,0.0,1.0,,,,
490,0.0,1.0,,,,
491,1e-05,1.0,,,,
492,0.0,1.0,,,,
493,0.0,1.0,,,,
494,0.02273,0.98077,,,,
495,0.26449,0.91489,,,,
496,0.59083,0.9,,,,
497,0.0,1.0,,,,
498,0.2053,0.9322,,,,
499,0.00788,1.0,,,,
500,0.19217,0.92593,,,,
501,0.00185,1.0,,,,
502,0.02069,1.0,,,,
503,0.51402,0.88636,,,,
504,0.3695,0.9,,,,
505,0.00524,1.0,,,,
506,0.6962,0.96429,,,,
507,0.3965,0.82278,,,,
508,0.23482,0.92105,,,,
509,0.06213,0.96296,,,,
510,0.24009,0.94667,,,,
511,0.68446,0.93333,,,,
512,0.05151,0.97619,,,,
513,0.09588,0.96226,,,,
514,0.26291,0.95238,,,,
515,0.0,1.0,,,,
516,0.16585,0.93333,,,,
517,0.05477,0.99029,,,,
518,0.0,1.0,,,,
519,0.21602,0.92857,,,,
520,1.10233,0.77586,,,,
521,0.37782,0.87603,,,,
522,0.09855,0.93939,,,,
523,0.03541,1.0,,,,
524,0.0,1.0,,,,
525,0.21382,0.91803,,,,
526,0.18756,0.94,,,,
527,0.26311,0.9,,,,
528,0.49532,0.85714,,,,
529,0.19107,0.93103,,,,
530,0.00164,1.0,,,,
531,0.80606,0.86111,,,,
532,0.0,1.0,,,,
533,0.15997,0.9434,,,,
534,0.06049,0.99057,,,,
535,0.14571,0.91489,,,,
536,0.13377,0.95652,,,,
537,0.28926,0.90083,,,,
538,0.0,1.0,,,,
539,0.55008,0.96429,,,,
540,0.00548,1.0,,,,
541,0.0001,1.0,,,,
542,0.00485,1.0,,,,
543,0.0,1.0,,,,
544,0.0,1.0,,,,
545,0.18009,0.93617,,,,
546,0.25879,0.92308,,,,
547,0.1288,0.96429,,,,
548,0.0,1.0,,,,
549,0.16989,0.95333,,,,
550,0.0,1.0,,,,
551,0.24715,0.91837,,,,
552,0.58624,0.82143,,,,
553,0.0,1.0,,,,
554,0.0,1.0,,,,
555,0.0,1.0,,,,
556,0.0976,0.96296,,,,
557,0.10055,0.96667,,,,
558,0.23964,0.92405,,,,
559,0.0,1.0,,,,
560,0.0,1.0,,,,
561,0.28055,0.87356,,,,
562,0.06412,0.97872,,,,
563,0.29938,0.86486,,,,
564,0.0,1.0,,,,
565,1.079,0.85714,,,,
566,0.0,1.0,,,,
567,0.09418,0.98361,,,,
568,0.37527,0.89231,,,,
569,0.0,1.0,,,,
570,0.0,1.0,,,,
571,0.00137,1.0,,,,
572,0.03362,0.96296,,,,
573,0.0,1.0,,,,
574,0.34057,0.93617,,,,
575,0.00077,1.0,,,,
576,0.0,1.0,,,,
577,0.05349,0.97101,,,,
578,0.0,1.0,,,,
579,0.0,1.0,,,,
580,0.00183,1.0,,,,
581,0.00013,1.0,,,,
582,0.00945,1.0,,,,
583,0.19092,0.93651,,,,
584,0.0,1.0,,,,
585,0.00012,1.0,,,,
586,0.0,1.0,,,,
587,3e-05,1.0,,,,
588,0.72934,0.93333,,,,
589,0.39429,0.87037,,,,
590,0.00231,1.0,,,,
591,0.0,1.0,,,,
592,0.0,1.0,,,,
593,0.11543,0.96552,,,,
594,0.00829,1.0,,,,
595,0.01696,1.0,,,,
596,0.20686,0.96491,,,,
597,0.44041,0.9,,,,
598,0.31745,0.93182,,,,
599,0.02494,1.0,,,,
600,0.08457,0.94872,,,,
601,0.00045,1.0,,,,
602,0.25813,0.96154,,,,
603,0.0,1.0,,,,
604,0.0,1.0,,,,
605,0.00101,1.0,,,,
606,0.00045,1.0,,,,
607,0.02709,1.0,,,,
608,0.0,1.0,,,,
609,2e-05,1.0,,,,
610,0.0,1.0,,,,
611,0.0,1.0,,,,
612,0.14357,0.9697,,,,
613,0.08819,0.96667,,,,
614,0.00602,1.0,,,,
615,0.58474,0.88372,,,,
616,0.13181,0.96,,,,
617,0.0,1.0,,,,
618,0.00168,1.0,,,,
619,0.0,1.0,,,,
620,0.00151,1.0,,,,
621,0.00066,1.0,,,,
622,0.22952,0.98077,,,,
623,0.09225,0.95,,,,
624,0.47342,0.96667,,,,
625,0.0,1.0,,,,
626,0.0,1.0,,,,
627,0.08537,0.95455,,,,
628,0.0,1.0,,,,
629,0.38611,0.96875,,,,
630,0.0,1.0,,,,
631,0.00344,1.0,,,,
632,0.0,1.0,,,,
633,0.0,1.0,,,,
634,0.10979,0.97143,,,,
635,0.13206,0.96,,,,
636,0.00011,1.0,,,,
637,0.0,1.0,,,,
638,0.10665,0.92857,,,,
639,0.53316,0.92188,,,,
640,0.11918,0.94545,,,,
641,0.20436,0.92308,,,,
642,0.54462,0.91667,,,,
643,0.19188,0.93023,,,,
644,0.0,1.0,,,,
645,0.0,1.0,,,,
646,8e-05,1.0,,,,
647,0.45185,0.94737,,,,
648,0.94706,0.80769,,,,
649,0.0,1.0,,,,
650,0.0,1.0,,,,
651,0.33875,0.9,,,,
652,0.01129,1.0,,,,
653,0.35428,0.85106,,,,
654,0.0,1.0,,,,
655,0.0,1.0,,,,
656,0.11493,0.94872,,,,
657,1e-05,1.0,,,,
658,0.0,1.0,,,,
659,0.49217,0.95652,,,,
660,0.40079,0.9,,,,
661,0.0001,1.0,,,,
662,0.0003,1.0,,,,
663,0.0,1.0,,,,
664,0.0,1.0,,,,
665,0.0,1.0,,,,
666,0.16269,0.97959,,,,
667,0.0001,1.0,,,,
668,0.12706,0.96491,,,,
669,0.0,1.0,,,,
670,0.07849,0.98246,,,,
671,0.0,1.0,,,,
672,0.34417,0.94444,,,,
673,0.57993,0.86957,,,,
674,0.0,1.0,,,,
675,0.0,1.0,,,,
676,0.0,1.0,,,,
677,0.09747,0.95,,,,
678,0.0,1.0,,,,
679,0.38764,0.87395,,,,
680,0.0,1.0,,,,
681,0.02553,0.98,,,,
682,0.00217,1.0,,,,
683,0.83125,0.81081,,,,
684,0.00129,1.0,,,,
685,0.01089,1.0,,,,
686,0.20115,0.98077,,,,
687,0.66128,0.82609,,,,
688,0.00244,1.0,,,,
689,0.0,1.0,,,,
690,0.53347,0.96154,,,,
691,0.51466,0.94,,,,
692,0.0,1.0,,,,
693,0.0,1.0,,,,
694,0.44897,0.88571,,,,
695,0.09108,1.0,,,,
696,0.01055,1.0,,,,
697,0.02854,1.0,,,,
698,0.0087,1.0,,,,
699,0.0,1.0,,,,
700,8e-05,1.0,,,,
701,2e-05,1.0,,,,
702,0.17173,0.95238,,,,
703,0.0,1.0,,,,
704,0.0,1.0,,,,
705,0.0,1.0,,,,
706,0.0,1.0,,,,
707,0.00827,1.0,,,,
708,0.1161,0.95556,,,,
709,0.51267,0.84146,,,,
710,0.61638,0.91667,,,,
711,0.13537,0.92857,,,,
712,1.39329,0.68254,,,,
713,0.02761,0.97917,,,,
714,0.0,1.0,,,,
715,0.22116,0.91398,,,,
716,0.0,1.0,,,,
717,0.00141,1.0,,,,
718,0.0,1.0,,,,
719,0.23687,0.95,,,,
720,0.09526,0.94595,,,,
721,0.19116,0.96296,,,,
722,0.32909,0.94118,,,,
723,0.25502,0.88636,,,,
724,0.00369,1.0,,,,
725,0.15885,0.93617,,,,
726,0.0,1.0,,,,
727,0.15206,0.96,,,,
728,2e-05,1.0,,,,
729,0.55352,0.90244,,,,
730,0.26273,0.9,,,,
731,0.0,1.0,,,,
732,0.11281,0.95714,,,,
733,0.25615,0.97368,,,,
734,0.18569,0.94915,,,,
735,0.0,1.0,,,,
736,0.0,1.0,,,,
737,0.04032,0.98571,,,,
738,0.88008,0.77586,,,,
739,0.09939,0.95455,,,,
740,0.0,1.0,,,,
741,0.5468,0.86364,,,,
742,0.0036,1.0,,,,
743,0.00651,1.0,,,,
744,0.47208,0.90244,,,,
745,0.2217,0.91228,,,,
746,0.40721,0.92308,,,,
747,0.0,1.0,,,,
748,0.19902,0.90698,,,,
749,0.06676,0.96774,,,,
750,0.16576,0.94444,,,,
751,0.36265,0.94118,,,,
752,0.27289,0.91667,,,,
753,0.0,1.0,,,,
754,0.0,1.0,,,,
755,0.3617,0.90909,,,,
756,0.05817,0.97368,,,,
757,0.09735,0.95833,,,,
758,0.257,0.94118,,,,
759,5e-05,1.0,,,,
760,0.25438,0.89873,,,,
761,1.5124,0.9,,,,
762,0.0,1.0,,,,
763,0.97683,0.96154,,,,
764,0.11881,0.97561,,,,
765,0.0387,0.98333,,,,
766,0.0,1.0,,,,
767,0.30499,0.96552,,,,
768,0.03137,1.0,,,,
769,0.04571,1.0,,,,
770,0.0,1.0,,,,
771,0.05373,0.97826,,,,
772,0.1689,0.95,,,,
773,0.0,1.0,,,,
774,0.31832,0.89655,,,,
775,0.17249,0.95,,,,
776,0.04399,0.9697,,,,
777,1.20334,0.75676,,,,
778,0.0,1.0,,,,
779,0.0,1.0,,,,
780,0.04871,0.97701,,,,
781,0.25215,0.92982,,,,
782,0.0,1.0,,,,
783,0.40897,0.89369,,,,
784,0.0,1.0,,,,
785,0.0,1.0,,,,
786,0.01748,1.0,,,,
787,0.0,1.0,,,,
788,0.00028,1.0,,,,
789,1e-05,1.0,,,,
790,0.16776,0.95833,,,,
791,3e-05,1.0,,,,
792,0.0,1.0,,,,
793,0.0,1.0,,,,
794,0.19893,0.95588,,,,
795,0.14825,0.95652,,,,
796,0.0,1.0,,,,
797,0.00796,1.0,,,,
798,0.0016,1.0,,,,
799,0.04875,0.97872,,,,
800,0.00575,1.0,,,,
801,0.00042,1.0,,,,
802,0.0,1.0,,,,
803,0.01362,1.0,,,,
804,0.0,1.0,,,,
805,0.0,1.0,,,,
806,0.00615,1.0,,,,
807,0.0,1.0,,,,
808,0.0,1.0,,,,
809,0.0002,1.0,,,,
810,0.01367,1.0,,,,
811,0.10943,0.98246,,,,
812,8e-05,1.0,,,,
813,0.0,1.0,,,,
814,0.0,1.0,,,,
815,0.0,1.0,,,,
816,0.1609,0.97674,,,,
817,0.00033,1.0,,,,
818,0.0,1.0,,,,
819,0.0,1.0,,,,
820,0.04855,0.96667,,,,
821,1.21943,0.68254,,,,
822,0.0,1.0,,,,
823,0.0,1.0,,,,
824,0.11284,0.96721,,,,
825,0.12929,0.98,,,,
826,0.45354,0.88462,,,,
827,0.08053,0.94545,,,,
828,0.74973,0.92308,,,,
829,0.0091,1.0,,,,
830,0.04547,1.0,,,,
831,0.24909,0.9375,,,,
832,0.0,1.0,,,,
833,0.0,1.0,,,,
834,0.95148,0.96296,,,,
835,0.18247,0.97872,,,,
836,0.06193,0.96491,,,,
837,0.0,1.0,,,,
838,0.0,1.0,,,,
839,0.0,1.0,,,,
840,0.0,1.0,,,,
841,0.09554,0.97368,,,,
842,0.52258,0.90244,,,,
843,0.3078,0.85106,,,,
844,0.00147,1.0,,,,
845,0.0,1.0,,,,
846,0.00373,1.0,,,,
847,0.0,1.0,,,,
848,0.06787,0.97778,,,,
849,0.0,1.0,,,,
850,7e-05,1.0,,,,
851,0.00151,1.0,,,,
852,0.0,1.0,,,,
853,0.7836,0.96154,,,,
854,0.0,1.0,,,,
855,0.0,1.0,,,,
856,0.0,1.0,,,,
857,0.0,1.0,,,,
858,0.69297,0.83784,,,,
859,0.1743,0.96154,,,,
860,0.0,1.0,,,,
861,0.0011,1.0,,,,
862,0.0,1.0,,,,
863,0.0,1.0,,,,
864,1.06697,0.75676,,,,
865,0.0,1.0,,,,
866,0.19555,0.94286,,,,
867,0.0,1.0,,,,
868,0.0,1.0,,,,
869,0.0975,0.975,,,,
870,0.0891,0.975,,,,
871,0.0172,1.0,,,,
872,0.0,1.0,,,,
873,0.5665,0.96667,,,,
874,0.08381,0.97436,,,,
875,7e-05,1.0,,,,
876,0.05115,0.98077,,,,
877,0.0,1.0,,,,
878,0.0,1.0,,,,
879,0.26889,0.90769,,,,
880,0.23339,0.92241,,,,
881,0.05739,0.98529,,,,
882,0.0,1.0,,,,
883,0.21147,0.94872,,,,
884,0.0,1.0,,,,
885,0.23421,0.89362,,,,
886,0.02695,0.99057,,,,
887,0.07261,0.97619,,,,
888,0.81082,0.95652,,,,
889,0.0,1.0,,,,
890,0.0,1.0,,,,
891,0.00062,1.0,,,,
892,0.14259,0.96078,,,,
893,0.34355,0.90698,,,,
894,0.00299,1.0,,,,
895,0.28942,0.93182,,,,
896,0.0,1.0,,,,
897,0.42729,0.84783,,,,
898,0.00011,1.0,,,,
899,0.28716,0.95312,,,,
900,0.0,1.0,,,,
901,0.26143,0.95,,,,
902,0.0266,1.0,,,,
903,0.0,1.0,,,,
904,0.0,1.0,,,,
905,0.27793,0.94,,,,
906,0.0,1.0,,,,
907,0.02964,1.0,,,,
908,0.06226,0.96491,,,,
909,0.05064,0.98718,,,,
910,0.0,1.0,,,,
911,0.0,1.0,,,,
912,0.00858,1.0,,,,
913,0.0,1.0,,,,
914,0.77001,0.86111,,,,
915,0.0,1.0,,,,
916,0.2374,0.92857,,,,
917,0.0,1.0,,,,
918,0.0,1.0,,,,
919,0.0,1.0,,,,
920,0.10659,0.97959,,,,
921,0.0,1.0,,,,
922,0.2293,0.96296,,,,
923,0.08493,0.98077,,,,
924,0.0,1.0,,,,
925,0.70395,0.96429,,,,
926,0.68743,0.96667,,,,
927,0.0,1.0,,,,
928,0.99453,0.94444,,,,
929,0.29177,0.925,,,,
930,0.91156,0.96154,,,,
931,0.70152,0.81034,,,,
932,0.0,1.0,,,,
933,0.0,1.0,,,,
934,0.0,1.0,,,,
935,0.47312,0.94737,,,,
936,0.00153,1.0,,,,
937,0.0,1.0,,,,
938,0.02139,0.98851,,,,
939,0.1926,0.90698,,,,
940,0.00014,1.0,,,,
941,0.11379,0.95745,,,,
942,0.47215,0.96667,,,,
943,0.36389,0.90811,,,,
944,0.08429,0.94667,,,,
945,0.16997,0.96203,,,,
946,0.0,1.0,,,,
947,0.0,1.0,,,,
948,0.0,1.0,,,,
949,0.22036,0.91667,,,,
950,0.011,1.0,,,,
951,0.00577,1.0,,,,
952,0.64398,0.81818,,,,
953,5e-05,1.0,,,,
954,0.42327,0.8587,,,,
955,0.0,1.0,,,,
956,0.0,1.0,,,,
957,0.0,1.0,,,,
958,0.0,1.0,,,,
959,0.0,1.0,,,,
960,0.0,1.0,,,,
961,0.0,1.0,,,,
962,0.0,1.0,,,,
963,0.0,1.0,,,,
964,0.01899,1.0,,,,
965,0.0,1.0,,,,
966,0.10398,0.96226,,,,
967,0.0,1.0,,,,
968,0.14675,0.93878,,,,
969,0.00016,1.0,,,,
970,0.0015,1.0,,,,
971,0.02416,1.0,,,,
972,0.0,1.0,,,,
973,0.0,1.0,,,,
974,0.39135,0.87805,,,,
975,0.0,1.0,,,,
976,0.0,1.0,,,,
977,0.46269,0.95,,,,
978,0.0,1.0,,,,
979,0.0,1.0,,,,
980,0.25938,0.94118,,,,
981,0.39548,0.87805,,,,
982,0.57149,0.96552,,,,
983,0.02306,1.0,,,,
984,0.0,1.0,,,,
985,0.0,1.0,,,,
986,0.0001,1.0,,,,
987,0.0,1.0,,,,
988,0.09288,0.96667,,,,
989,0.2029,0.86364,,,,
990,0.12663,0.95652,,,,
991,0.0,1.0,,,,
992,0.10563,0.95652,,,,
993,0.18171,0.93939,,,,
994,0.0,1.0,,,,
995,0.0,1.0,,,,
996,0.03879,0.98182,,,,
997,0.00759,1.0,,,,
998,0.0,1.0,,,,
999,0.24521,0.90805,,,,
1000,0.0,1.0,,,,
1001,0.0,1.0,,,,
1002,0.0,1.0,,,,
1003,0.0,1.0,,,,
1004,0.0,1.0,,,,
1005,0.07826,0.96296,,,,
1006,0.06865,0.94286,,,,
1007,0.0,1.0,,,,
1008,0.0,1.0,,,,
1009,0.0011,1.0,,,,
1010,0.0,1.0,,,,
1011,0.0,1.0,,,,
1012,0.0,1.0,,,,
1013,0.03008,0.98485,,,,
1014,0.19159,0.96491,,,,
1015,0.18044,0.97143,,,,
1016,0.0,1.0,,,,
1017,0.01229,1.0,,,,
1018,0.30465,0.925,,,,
1019,0.0026,1.0,,,,
1020,0.0,1.0,,,,
1021,0.15007,0.94937,,,,
1022,0.0,1.0,,,,
1023,0.0,1.0,,,,
1024,0.0,1.0,,,,
1025,0.0,1.0,,,,
1026,0.0,1.0,,,,
1027,0.02186,1.0,,,,
1028,0.06985,0.96774,,,,
1029,0.36997,0.91667,,,,
1030,0.0,1.0,,,,
1031,0.27782,0.96875,,,,
1032,0.0,1.0,,,,
1033,0.00794,1.0,,,,
1034,0.20995,0.94444,,,,
1035,0.34584,0.89916,,,,
1036,0.1677,0.95455,,,,
1037,0.12381,0.97561,,,,
1038,3e-05,1.0,,,,
1039,0.00469,1.0,,,,
1040,0.0,1.0,,,,
1041,0.26585,0.875,,,,
1042,0.19965,0.94215,,,,
1043,0.0,1.0,,,,
1044,0.0,1.0,,,,
1045,0.02711,1.0,,,,
1046,0.0,1.0,,,,
1047,0.18144,0.88462,,,,
1048,1.05349,0.90476,,,,
1049,0.05431,0.98571,,,,
1050,0.15393,0.98305,,,,
1051,0.0,1.0,,,,
1052,0.0,1.0,,,,
1053,0.0,1.0,,,,
1054,0.02296,0.97368,,,,
1055,0.07952,0.96429,,,,
1056,0.01153,1.0,,,,
1057,0.00334,1.0,,,,
1058,0.10444,0.96667,,,,
1059,4e-05,1.0,,,,
1060,0.0,1.0,,,,
1061,0.32614,0.96296,,,,
1062,0.00115,1.0,,,,
1063,0.0007,1.0,,,,
1064,0.0,1.0,,,,
1065,0.0,1.0,,,,
1066,0.02637,0.98,,,,
1067,0.0,1.0,,,,
1068,0.0,1.0,,,,
1069,0.0,1.0,,,,
1070,0.46843,0.87931,,,,
1071,0.0,1.0,,,,
1072,0.0,1.0,,,,
1073,0.01967,1.0,,,,
1074,0.06734,0.98246,,,,
1075,0.19275,0.93182,,,,
1076,0.13426,0.96694,,,,
1077,0.61061,0.96429,,,,
1078,0.00048,1.0,,,,
1079,0.0149,1.0,,,,
1080,0.15418,0.93077,,,,
1081,0.0,1.0,,,,
1082,0.02762,0.98333,,,,
1083,0.0,1.0,,,,
1084,1e-05,1.0,,,,
1085,0.0,1.0,,,,
1086,0.0,1.0,,,,
1087,0.0,1.0,,,,
1088,0.1903,0.92857,,,,
1089,0.3249,0.92072,,,,
1090,0.06366,1.0,,,,
1091,0.09997,0.95918,,,,
1092,0.0,1.0,,,,
1093,0.00539,1.0,,,,
1094,0.0,1.0,,,,
1095,0.0,1.0,,,,
1096,0.0,1.0,,,,
1097,0.0,1.0,,,,
1098,0.0,1.0,,,,
1099,0.19587,0.97959,,,,
1100,0.0268,0.97872,,,,
1101,0.34545,0.90244,,,,
1102,0.02955,1.0,,,,
1103,0.0,1.0,,,,
1104,0.55649,0.86486,,,,
1105,0.0,1.0,,,,
1106,0.12895,0.98077,,,,
1107,0.19729,0.89286,,,,
1108,0.0,1.0,,,,
1109,0.12731,0.95,,,,
1110,0.0,1.0,,,,
1111,0.0,1.0,,,,
1112,0.0,1.0,,,,
1113,0.00203,1.0,,,,
1114,0.02954,0.98529,,,,
1115,0.16733,0.90909,,,,
1116,0.05306,0.98667,,,,
1117,0.0,1.0,,,,
1118,0.00771,1.0,,,,
1119,0.05266,0.96154,,,,
1120,0.0,1.0,,,,
1121,0.24582,0.95312,,,,
1122,0.0,1.0,,,,
1123,0.0,1.0,,,,
1124,0.01968,1.0,,,,
1125,8e-05,1.0,,,,
1126,0.22571,0.91667,,,,
1127,0.10588,0.93548,,,,
1128,0.0,1.0,,,,
1129,0.0,1.0,,,,
1130,0.10174,0.95455,,,,
1131,0.00153,1.0,,,,
1132,0.0,1.0,,,,
1133,0.0,1.0,,,,
1134,0.0,1.0,,,,
1135,0.0,1.0,,,,
1136,0.0,1.0,,,,
1137,0.0,1.0,,,,
1138,0.0,1.0,,,,
1139,0.0,1.0,,,,
1140,0.09117,0.97468,,,,
1141,0.0,1.0,,,,
1142,0.0,1.0,,,,
1143,0.14298,0.94872,,,,
1144,0.0,1.0,,,,
1145,0.0,1.0,,,,
1146,0.0,1.0,,,,
1147,0.0,1.0,,,,
1148,0.0,1.0,,,,
1149,0.0,1.0,,,,
1150,0.0,1.0,,,,
1151,0.00746,1.0,,,,
1152,0.0168,0.98667,,,,
1153,0.06751,0.97468,,,,
1154,0.0,1.0,,,,
1155,0.0,1.0,,,,
1156,0.0,1.0,,,,
1157,0.0,1.0,,,,
1158,0.00248,1.0,,,,
1159,0.0,1.0,,,,
1160,0.0,1.0,,,,
1161,0.19857,0.95,,,,
1162,0.0,1.0,,,,
1163,0.0018,1.0,,,,
1164,0.0,1.0,,,,
1165,0.14243,0.91489,,,,
1166,0.0,1.0,,,,
1167,0.01056,1.0,,,,
1168,1e-05,1.0,,,,
1169,0.0,1.0,,,,
1170,0.0,1.0,,,,
1171,0.0,1.0,,,,
1172,0.64269,0.96667,,,,
1173,0.7226,0.91667,,,,
1174,0.00131,1.0,,,,
1175,0.04559,0.98077,,,,
1176,0.0,1.0,,,,
1177,0.0,1.0,,,,
1178,0.00378,1.0,,,,
1179,0.02582,0.98246,,,,
1180,0.0151,1.0,,,,
1181,0.0,1.0,,,,
1182,0.00014,1.0,,,,
1183,0.01142,1.0,,,,
1184,0.0046,1.0,,,,
1185,0.0,1.0,,,,
1186,0.0,1.0,,,,
1187,0.0,1.0,,,,
1188,0.13235,0.95,,,,
1189,0.02714,1.0,,,,
1190,0.0,1.0,,,,
1191,0.0,1.0,,,,
1192,0.0,1.0,,,,
1193,0.00699,1.0,,,,
1194,0.17957,0.97059,,,,
1195,0.0,1.0,,,,
1196,0.0,1.0,,,,
1197,0.23119,0.95652,,,,
1198,0.0,1.0,,,,
1199,0.01266,1.0,,,,
1200,0.23109,0.94737,,,,
1201,0.0,1.0,,,,
1202,0.00139,1.0,,,,
1203,0.0,1.0,,,,
1204,0.00663,1.0,,,,
1205,0.00294,1.0,,,,
1206,0.0,1.0,,,,
1207,0.00057,1.0,,,,
1208,0.0,1.0,,,,
1209,0.0,1.0,,,,
1210,0.61308,0.96154,,,,
1211,0.72754,0.96296,,,,
1212,0.12297,0.9661,,,,
1213,0.89809,0.95238,,,,
1214,0.2891,0.91463,,,,
1215,0.0,1.0,,,,
1216,0.18595,0.95349,,,,
1217,3e-05,1.0,,,,
1218,0.76791,0.96667,,,,
1219,0.0,1.0,,,,
1220,0.0,1.0,,,,
1221,0.05631,0.98889,,,,
1222,0.0,1.0,,,,
1223,0.0,1.0,,,,
1224,0.17425,0.95833,,,,
1225,0.55083,0.96552,,,,
1226,0.0031,1.0,,,,
1227,0.0,1.0,,,,
1228,0.08421,0.97826,,,,
1229,0.0,1.0,,,,
1230,0.03989,0.97872,,,,
1231,0.00594,1.0,,,,
1232,0.0,1.0,,,,
1233,0.03164,0.96429,,,,
1234,0.0,1.0,,,,
1235,0.27458,0.92391,,,,
1236,0.0,1.0,,,,
1237,0.24245,0.98,,,,
1238,0.00013,1.0,,,,
1239,0.0,1.0,,,,
1240,0.26538,0.90698,,,,
1241,0.0,1.0,,,,
1242,0.18079,0.95402,,,,
1243,0.0,1.0,,,,
1244,0.2832,0.96667,,,,
1245,0.46201,0.87805,,,,
1246,0.0,1.0,,,,
1247,0.0,1.0,,,,
1248,0.01139,1.0,,,,
1249,0.61214,0.96154,,,,
1250,0.0,1.0,,,,
1251,0.0,1.0,,,,
1252,0.03548,1.0,,,,
1253,0.00284,1.0,,,,
1254,0.0,1.0,,,,
1255,0.00367,1.0,,,,
1256,0.0,1.0,,,,
1257,0.16151,0.91489,,,,
1258,0.0,1.0,,,,
1259,9e-05,1.0,,,,
1260,0.0,1.0,,,,
1261,0.0852,0.96154,,,,
1262,0.0075,1.0,,,,
1263,0.0,1.0,,,,
1264,0.0,1.0,,,,
1265,0.0,1.0,,,,
1266,0.0,1.0,,,,
1267,0.0,1.0,,,,
1268,0.0,1.0,,,,
1269,0.00425,1.0,,,,
1270,0.0,1.0,,,,
1271,0.0,1.0,,,,
1272,0.00172,1.0,,,,
1273,0.0007,1.0,,,,
1274,0.0,1.0,,,,
1275,0.0,1.0,,,,
1276,0.00763,1.0,,,,
1277,0.0,1.0,,,,
1278,0.14977,0.94118,,,,
1279,0.95496,0.74603,,,,
1280,0.44601,0.94444,,,,
1281,0.03821,0.98246,,,,
1282,0.11366,0.98148,,,,
1283,0.15866,0.93966,,,,
1284,0.0,1.0,,,,
1285,0.19605,0.95122,,,,
1286,3e-05,1.0,,,,
1287,0.22757,0.96552,,,,
1288,5e-05,1.0,,,,
1289,0.0,1.0,,,,
1290,0.11148,0.94872,,,,
1291,0.0,1.0,,,,
1292,0.0,1.0,,,,
1293,0.0,1.0,,,,
1294,0.0,1.0,,,,
1295,0.04252,1.0,,,,
1296,0.64335,0.9,,,,
1297,0.0,1.0,,,,
1298,0.0,1.0,,,,
1299,1.02218,0.79054,,,,
1300,0.27317,0.91597,,,,
1301,0.00014,1.0,,,,
1302,8e-05,1.0,,,,
1303,0.0,1.0,,,,
1304,0.0,1.0,,,,
1305,4e-05,1.0,,,,
1306,0.01012,1.0,,,,
1307,0.0,1.0,,,,
1308,0.03878,0.95833,,,,
1309,0.0,1.0,,,,
1310,0.0089,1.0,,,,
1311,0.04003,0.97619,,,,
1312,0.31939,0.95652,,,,
1313,0.00068,1.0,,,,
1314,0.00849,1.0,,,,
1315,0.0,1.0,,,,
1316,0.0,1.0,,,,
1317,0.0,1.0,,,,
1318,0.0,1.0,,,,
1319,0.02128,1.0,,,,
1320,0.0,1.0,,,,
1321,0.0107,1.0,,,,
1322,0.02286,1.0,,,,
1323,0.0,1.0,,,,
1324,0.39591,0.96154,,,,
1325,0.13824,0.95349,,,,
1326,0.0,1.0,,,,
1327,0.0,1.0,,,,
1328,0.0,1.0,,,,
1329,0.0,1.0,,,,
1330,0.00048,1.0,,,,
1331,0.0,1.0,,,,
1332,0.0032,1.0,,,,
1333,0.0,1.0,,,,
1334,0.0,1.0,,,,
1335,0.00266,1.0,,,,
1336,0.0613,0.97468,,,,
1337,0.0,1.0,,,,
1338,0.23236,0.96552,,,,
1339,0.81096,0.95238,,,,
1340,0.00428,1.0,,,,
1341,0.02474,0.96552,,,,
1342,0.0003,1.0,,,,
1343,0.00596,1.0,,,,
1344,0.0,1.0,,,,
1345,0.0,1.0,,,,
1346,0.0,1.0,,,,
1347,0.0,1.0,,,,
1348,0.0,1.0,,,,
1349,0.10758,0.93617,,,,
1350,0.0,1.0,,,,
1351,0.0,1.0,,,,
1352,0.1539,0.95,,,,
1353,0.00059,1.0,,,,
1354,0.00019,1.0,,,,
1355,0.0,1.0,,,,
1356,0.0,1.0,,,,
1357,0.0,1.0,,,,
1358,0.0,1.0,,,,
1359,0.00045,1.0,,,,
1360,8e-05,1.0,,,,
1361,0.0,1.0,,,,
1362,0.0,1.0,,,,
1363,0.65675,0.95652,,,,
1364,0.0,1.0,,,,
1365,0.0,1.0,,,,
1366,0.0,1.0,,,,
1367,0.0062,1.0,,,,
1368,0.0,1.0,,,,
1369,0.0,1.0,,,,
1370,0.0,1.0,,,,
1371,0.0,1.0,,,,
1372,0.1215,0.96154,,,,
1373,0.12825,0.97143,,,,
1374,0.11454,0.93182,,,,
1375,0.18526,0.96739,,,,
1376,0.0,1.0,,,,
1377,0.0,1.0,,,,
1378,0.00097,1.0,,,,
1379,0.0,1.0,,,,
1380,0.0,1.0,,,,
1381,0.0,1.0,,,,
1382,0.0,1.0,,,,
1383,0.1215,0.925,,,,
1384,0.00078,1.0,,,,
1385,0.00315,1.0,,,,
1386,0.0,1.0,,,,
1387,0.00188,1.0,,,,
1388,0.0,1.0,,,,
1389,0.18063,0.95122,,,,
1390,0.0,1.0,,,,
1391,0.0,1.0,,,,
1392,0.00057,1.0,,,,
1393,0.01162,1.0,,,,
1394,0.00033,1.0,,,,
1395,0.0,1.0,,,,
1396,0.0,1.0,,,,
1397,0.41514,0.92683,,,,
1398,0.0,1.0,,,,
1399,0.0,1.0,,,,
1400,0.0,1.0,,,,
1401,0.00015,1.0,,,,
1402,0.00022,1.0,,,,
1403,0.05601,0.97872,,,,
1404,0.1788,0.96774,,,,
1405,0.0,1.0,,,,
1406,0.00083,1.0,,,,
1407,3e-05,1.0,,,,
1408,0.11751,0.97826,,,,
1409,0.36675,0.90244,,,,
1410,0.0,1.0,,,,
1411,0.08348,0.96078,,,,
1412,0.0,1.0,,,,
1413,0.02041,1.0,,,,
1414,0.00079,1.0,,,,
1415,0.0,1.0,,,,
1416,0.0,1.0,,,,
1417,0.00436,1.0,,,,
1418,1e-05,1.0,,,,
1419,0.0,1.0,,,,
1420,0.0,1.0,,,,
1421,0.0,1.0,,,,
1422,0.0,1.0,,,,
1423,0.00524,1.0,,,,
1424,1e-05,1.0,,,,
1425,0.0,1.0,,,,
1426,0.97096,0.7973,,,,
1427,0.10084,0.97468,,,,
1428,0.0,1.0,,,,
1429,0.11777,0.97368,,,,
1430,0.29272,0.92973,,,,
1431,0.0,1.0,,,,
1432,1e-05,1.0,,,,
1433,0.00013,1.0,,,,
1434,0.0,1.0,,,,
1435,0.11227,0.91489,,,,
1436,0.00077,1.0,,,,
1437,0.02923,1.0,,,,
1438,0.0,1.0,,,,
1439,0.0,1.0,,,,
1440,0.0,1.0,,,,
1441,0.0,1.0,,,,
1442,0.0,1.0,,,,
1443,0.00239,1.0,,,,
1444,0.00263,1.0,,,,
1445,0.01935,0.98246,,,,
1446,0.0,1.0,,,,
1447,0.12565,0.90698,,,,
1448,0.0,1.0,,,,
1449,0.23549,0.94118,,,,
1450,0.01223,1.0,,,,
1451,0.0,1.0,,,,
1452,6e-05,1.0,,,,
1453,0.0,1.0,,,,
1454,0.00029,1.0,,,,
1455,0.09031,0.975,,,,
1456,0.0,1.0,,,,
1457,0.00049,1.0,,,,
1458,0.0045,1.0,,,,
1459,0.01067,1.0,,,,
1460,6e-05,1.0,,,,
1461,0.0,1.0,,,,
1462,0.03697,1.0,,,,
1463,0.0,1.0,,,,
1464,0.0,1.0,,,,
1465,0.0,1.0,,,,
1466,0.0,1.0,,,,
1467,0.0,1.0,,,,
1468,0.0,1.0,,,,
1469,0.0,1.0,,,,
1470,0.01246,1.0,,,,
1471,0.7922,0.95,,,,
1472,0.0,1.0,,,,
1473,0.0,1.0,,,,
1474,0.00033,1.0,,,,
1475,0.0,1.0,,,,
1476,0.43605,0.91892,,,,
1477,0.68011,0.94444,,,,
1478,0.04546,0.97059,,,,
1479,0.01765,1.0,,,,
1480,0.0,1.0,,,,
1481,0.0,1.0,,,,
1482,0.0,1.0,,,,
1483,0.0,1.0,,,,
1484,0.04203,0.95455,,,,
1485,0.0,1.0,,,,
1486,0.0,1.0,,,,
1487,0.13044,0.93182,,,,
1488,0.0,1.0,,,,
1489,0.07507,0.95918,,,,
1490,0.0,1.0,,,,
1491,0.07694,0.98276,,,,
1492,0.0,1.0,,,,
1493,0.76884,0.96667,,,,
1494,0.17234,0.96552,,,,
1495,0.09108,0.97692,,,,
1496,0.59973,0.96154,,,,
1497,0.0,1.0,,,,
1498,0.00219,1.0,,,,
1499,0.09425,0.97561,,,,
1500,0.61194,0.96667,,,,
1501,1e-05,1.0,,,,
1502,0.09078,0.95349,,,,
1503,0.2856,0.93103,,,,
1504,0.0,1.0,,,,
1505,0.0,1.0,,,,
1506,0.0,1.0,,,,
1507,0.0,1.0,,,,
1508,0.21439,0.98,,,,
1509,0.0,1.0,,,,
1510,0.06845,0.95918,,,,
1511,0.0,1.0,,,,
1512,0.0,1.0,,,,
1513,0.00015,1.0,,,,
1514,0.04319,0.98148,,,,
1515,0.00825,1.0,,,,
1516,0.05162,0.98889,,,,
1517,0.0,1.0,,,,
1518,0.0,1.0,,,,
1519,0.00281,1.0,,,,
1520,0.08386,0.97436,,,,
1521,0.0,1.0,,,,
1522,0.0,1.0,,,,
1523,0.18528,0.95349,,,,
1524,0.82578,0.77778,,,,
1525,0.0,1.0,,,,
1526,0.0,1.0,,,,
1527,0.0,1.0,,,,
1528,0.0,1.0,,,,
1529,1e-05,1.0,,,,
1530,0.0,1.0,,,,
1531,0.0,1.0,,,,
1532,0.4615,0.96296,,,,
1533,0.0,1.0,,,,
1534,0.0,1.0,,,,
1535,0.01921,1.0,,,,
1536,0.01106,1.0,,,,
1537,0.0,1.0,,,,
1538,0.4851,0.91667,,,,
1539,0.15421,0.95833,,,,
1540,0.0,1.0,,,,
1541,0.14241,0.96694,,,,
1542,0.02293,1.0,,,,
1543,0.04722,0.96154,,,,
1544,0.0,1.0,,,,
1545,0.0,1.0,,,,
1546,0.0,1.0,,,,
1547,0.0,1.0,,,,
1548,0.0,1.0,,,,
1549,0.0,1.0,,,,
1550,0.0,1.0,,,,
1551,0.0,1.0,,,,
1552,0.65384,0.96429,,,,
1553,0.0,1.0,,,,
1554,0.24097,0.94737,,,,
1555,0.01352,1.0,,,,
1556,1e-05,1.0,,,,
1557,0.0,1.0,,,,
1558,0.0,1.0,,,,
1559,0.00817,1.0,,,,
1560,0.00025,1.0,,,,
1561,0.0,1.0,,,,
1562,0.0,1.0,,,,
1563,0.0,1.0,,,,
1564,0.0,1.0,,,,
1565,0.0,1.0,,,,
1566,0.0,1.0,,,,
1567,0.0006,1.0,,,,
1568,0.0,1.0,,,,
1569,0.0,1.0,,,,
1570,0.19355,0.93182,,,,
1571,0.0,1.0,,,,
1572,0.00078,1.0,,,,
1573,0.0,1.0,,,,
1574,0.01155,1.0,,,,
1575,0.0,1.0,,,,
1576,0.0389,0.99333,,,,
1577,0.0,1.0,,,,
1578,0.00205,1.0,,,,
1579,0.20256,0.95312,,,,
1580,0.0,1.0,,,,
1581,0.0,1.0,,,,
1582,0.66426,0.96154,,,,
1583,0.00048,1.0,,,,
1584,0.00518,1.0,,,,
1585,0.0,1.0,,,,
1586,0.00029,1.0,,,,
1587,0.0,1.0,,,,
1588,0.0,1.0,,,,
1589,0.0,1.0,,,,
1590,0.0,1.0,,,,
