When was the University of Lahore established?,The University of Lahore was founded at the collegiate level in 1999 under the IBADAT Educational Trust and was granted full degree awarding status in 2002.,closed_qa
Who is the founder of the University of Lahore?,The founder of the University of Lahore is M.A. Raoof.,open_qa
How many campuses does the University of Lahore have?,The University of Lahore has seven campuses across Pakistan.,closed_qa
In which cities are the campuses of the University of Lahore located?,"The campuses of the University of Lahore are located in Lahore, Islamabad, Sargodha, Pakpattan, Gujrat, and Uganda.",open_qa
What are the affiliations of the University of Lahore?,"The University of Lahore is affiliated with HEC, PEC, PMDC, PCP, PNC, and PBC.",closed_qa
How many academic faculties does the University of Lahore have?,The University of Lahore has 11 academic faculties.,closed_qa
What is the total student body of the University of Lahore?,"The total student body from all campuses of the University of Lahore is approximately 36,000+.",open_qa
What is the highest ranking achieved by the University of Lahore according to the HEC of Pakistan?,The University of Lahore has achieved the highest W4 category ranking with the Higher Education Commission (HEC) of Pakistan.,open_qa
What are some faculties and departments of the University of Lahore?,"Some faculties and departments of the University of Lahore include Faculty of Allied Health Sciences, Faculty of Arts and Architecture, Faculty of Engineering and Technology, Faculty of Information and Technology, Faculty of Languages and Literature, Faculty of Medicine and Dentistry, Faculty of Management Sciences, Faculty of Pharmacy, Faculty of Sciences, and Faculty of Social Sciences.",open_qa
What are some research journals published by the University of Lahore?,"Some research journals published by the University of Lahore include Pakistan Journal of Molecular Medicine (PJMM), Journal of Media, Business and Social Sciences (JMBSS), and Asian Journal of Allied Health Sciences (AJAHS).",open_qa
What facilities are available for international students at the University of Lahore?,"The University of Lahore provides separate hostel accommodation for both male and female international students. The facilities include mess, mosque, separate television room, telephone, newspapers, guest rooms, common room, computer room, electric water coolers, high-speed internet and wi-fi, hostel laundry, and 24-hour security.",open_qa
What are some of the rankings achieved by the University of Lahore?,"The University of Lahore has been ranked among the top universities globally, regionally, and nationally. Some of its rankings include ARWU World, QS World University Rankings, Times Higher Education World University Rankings, BRICS & Emerging Economies University Rankings, and UI Green Metric Ranking.",open_qa
How can I submit my Admission Form?,You can submit your Admission Form through the online admission portal.,open_qa
What is the procedure for payment of the admission fee?,You can pay the admission fee online via Credit/Debit Card during online form submission or visit the UOL Campus to buy a prospectus and get a Form/Voucher number.,open_qa
What are the general instructions for applicants?,Applicants can apply for up to three degree programs simultaneously without additional charges.,open_qa
What documents are required to be uploaded with the online Admission Form?,"The required documents to be uploaded with the online Admission Form include one recent passport size photograph with blue/white background, all academic documents (Matric, Inter, Bachelor, and Master degrees or IBCC/HEC equivalent), and CNIC card of the applicant or Form B or Father's CNIC.",open_qa
What is the basis for selection of applicants?,"Applicants are selected based on merit, determined by marks obtained in the last examination, entry test/interview (if any), and other criteria determined by the University.",open_qa
What is the status of admissions granted?,"Admissions are granted on a provisional basis. Selected applicants must provide proof of their eligibility within 3 weeks of the declaration of the result, failing which their admission will be cancelled.",open_qa
What happens if the Admission Form is incomplete?,Incomplete Admission Forms will be rejected.,open_qa
What are the cautions for applicants?,Applicants are strongly encouraged to adhere to fee deadlines to avoid deprivation of admission.,open_qa
Where can foreign/international applicants get more information?,Foreign/International Applicants can get more information by visiting the Office of Students Affairs (OSA).,open_qa
What facilities are available for hostel accommodation?,Separate hostel accommodation is available for both male and female students at The University of Lahore (UoL).,open_qa
What are the campuses of the University of Lahore?,The University of Lahore has seven campuses across Pakistan.,open_qa
Where can I find more information about the admissions process?,Please visit our website http://uol.edu.pk/admissions/ for more information about the admissions process.,open_qa
Where can I find the admission guide for Allied Health Sciences postgraduate program?,You can find the admission guide for the Allied Health Sciences postgraduate program on the University of Lahore's website or by contacting the admissions office.,open_qa
How can I access the admission guide for the undergraduate program in Allied Health Sciences?,The admission guide for the undergraduate program in Allied Health Sciences can be accessed through the University of Lahore's website or by contacting the admissions office.,open_qa
Where can I get information about admissions for the College of Law?,Information about admissions for the College of Law can be obtained from the University of Lahore's website or by contacting the admissions office.,open_qa
How can I access the admission guide for the Department of Economics?,You can access the admission guide for the Department of Economics through the University of Lahore's website or by contacting the admissions office.,open_qa
Where can I find the admission guide for the Department of Chemistry?,The admission guide for the Department of Chemistry can be found on the University of Lahore's website or by contacting the admissions office.,open_qa
How can I obtain the admission guide for the Department of Computer Sciences?,You can obtain the admission guide for the Department of Computer Sciences from the University of Lahore's website or by contacting the admissions office.,open_qa
Where can I get information about admissions for the Department of Education?,Information about admissions for the Department of Education can be found on the University of Lahore's website or by contacting the admissions office.,open_qa
How can I access the admission guide for the Department of Electric Engineering?,You can access the admission guide for the Department of Electric Engineering through the University of Lahore's website or by contacting the admissions office.,open_qa
Where can I find the admission guide for the Department of English Language & Literature?,The admission guide for the Department of English Language & Literature is available on the University of Lahore's website or by contacting the admissions office.,open_qa
How can I obtain the admission guide for the Department of Environmental Sciences?,You can obtain the admission guide for the Department of Environmental Sciences from the University of Lahore's website or by contacting the admissions office.,open_qa
Where can I find information about admissions for the Department of Islamic Studies?,Information about admissions for the Department of Islamic Studies can be found on the University of Lahore's website or by contacting the admissions office.,open_qa
How can I access the admission guide for the Department of Mathematics & Statistics?,You can access the admission guide for the Department of Mathematics & Statistics through the University of Lahore's website or by contacting the admissions office.,open_qa
Where can I get the admission guide for the Department of Physics?,The admission guide for the Department of Physics can be obtained from the University of Lahore's website or by contacting the admissions office.,open_qa
How can I find information about admissions for the Department of Sociology?,Information about admissions for the Department of Sociology can be found on the University of Lahore's website or by contacting the admissions office.,open_qa
Where can I obtain the admission guide for the Department of Software Engineering?,You can obtain the admission guide for the Department of Software Engineering from the University of Lahore's website or by contacting the admissions office.,open_qa
How can I access the admission guide for the Department of Technology?,You can access the admission guide for the Department of Technology through the University of Lahore's website or by contacting the admissions office.,open_qa
Where can I find the admission guide for the Department of Urdu?,The admission guide for the Department of Urdu is available on the University of Lahore's website or by contacting the admissions office.,open_qa
How can I obtain information about admissions for the Faculty of Pharmacy?,You can obtain information about admissions for the Faculty of Pharmacy from the University of Lahore's website or by contacting the admissions office.,open_qa
Where can I get the admission guide for the Institute of Molecular Biology & Biotechnology?,The admission guide for the Institute of Molecular Biology & Biotechnology can be found on the University of Lahore's website or by contacting the admissions office.,open_qa
How can I access information about admissions for Lahore Business School?,You can access information about admissions for Lahore Business School from the University of Lahore's website or by contacting the admissions office.,open_qa
Where can I find the admission guide for Lahore School of Aviation?,The admission guide for Lahore School of Aviation is available on the University of Lahore's website or by contacting the admissions office.,open_qa
How can I obtain the admission guide for Lahore School of Behavioural Sciences?,You can obtain the admission guide for Lahore School of Behavioural Sciences from the University of Lahore's website or by contacting the admissions office.,open_qa
Where can I get information about admissions for Lahore School of Nursing?,Information about admissions for Lahore School of Nursing can be found on the University of Lahore's website or by contacting the admissions office.,open_qa
How can I access the admission guide for School of Architecture?,You can access the admission guide for School of Architecture through the University of Lahore's website or by contacting the admissions office.,open_qa
Where can I find information about admissions for School of Creative Arts?,Information about admissions for School of Creative Arts can be found on the University of Lahore's website or by contacting the admissions office.,open_qa
How can I obtain the admission guide for School of Integrated Social Sciences?,You can obtain the admission guide for School of Integrated Social Sciences from the University of Lahore's website or by contacting the admissions office.,open_qa
Where can I get the admission guide for School of Accountancy and Finance?,The admission guide for School of Accountancy and Finance can be obtained from the University of Lahore's website or by contacting the admissions office.,open_qa
How can I access information about admissions for the Department of Intelligent Systems?,You can access information about admissions for the Department of Intelligent Systems from the University of Lahore's website or by contacting the admissions office.,open_qa
Where can I find the admission guide for the Department of Urdu?,The admission guide for the Department of Urdu can be found on the University of Lahore's website or by contacting the admissions office.,open_qa
